time,baro_asl,acc_x,acc_y,acc_z,qw,qx,qy,qz,ref_z
0.03510594367980957,115.4375,-0.00598907470703125,-0.006328582763671875,1.0009765625,1.0,-0.0036640167236328125,0.0024738311767578125,-0.0112457275390625,0.003551483154296875
0.05536818504333496,115.4375,-0.006122589111328125,-0.010894775390625,1.0009765625,1.0,-0.0036678314208984375,0.002468109130859375,-0.01125335693359375,0.0032253265380859375
0.07547760009765625,115.5,-0.00705718994140625,-0.0084075927734375,1.0009765625,1.0,-0.0036716461181640625,0.0024585723876953125,-0.0112457275390625,0.0033473968505859375
0.09540629386901855,115.5,-0.0037937164306640625,-0.006740570068359375,1.0,1.0,-0.0036716461181640625,0.00246429443359375,-0.0112457275390625,0.0034770965576171875
0.1142876148223877,115.4375,-0.003574371337890625,-0.0090179443359375,1.001953125,1.0,-0.00366973876953125,0.0024394989013671875,-0.01125335693359375,0.00360870361328125
0.13611316680908203,115.4375,-0.007190704345703125,-0.006160736083984375,1.001953125,1.0,-0.00368499755859375,0.0024967193603515625,-0.01125335693359375,0.0031337738037109375
0.1543567180633545,115.4375,-0.005779266357421875,-0.005466461181640625,1.0,1.0,-0.0037059783935546875,0.002513885498046875,-0.0112457275390625,0.003265380859375
0.17451000213623047,115.5,-0.0044708251953125,-0.00811767578125,1.00390625,1.0,-0.00370025634765625,0.0025081634521484375,-0.01125335693359375,0.0034008026123046875
0.19530487060546875,115.5625,-0.00443267822265625,-0.007289886474609375,1.0,1.0,-0.003688812255859375,0.002521514892578125,-0.01123809814453125,0.003543853759765625
0.21517395973205566,115.625,-0.0063323974609375,-0.0074310302734375,1.0009765625,1.0,-0.0037021636962890625,0.0025463104248046875,-0.01123046875,0.0036945343017578125
0.23464322090148926,115.625,-0.00566864013671875,-0.0072174072265625,1.0,1.0,-0.003711700439453125,0.0025653839111328125,-0.0112152099609375,0.003849029541015625
0.25446629524230957,115.5625,-0.005786895751953125,-0.00943756103515625,1.0,1.0,-0.00372314453125,0.0025539398193359375,-0.01122283935546875,0.004009246826171875
0.2747211456298828,115.5625,-0.00615692138671875,-0.004970550537109375,1.00390625,1.0,-0.0037364959716796875,0.0025424957275390625,-0.01123046875,0.00417327880859375
0.29451847076416016,115.5,-0.0059967041015625,-0.010589599609375,1.0029296875,1.0,-0.003726959228515625,0.0025348663330078125,-0.01123046875,0.004344940185546875
0.3142993450164795,115.5625,-0.003574371337890625,-0.0087127685546875,1.001953125,1.0,-0.00366973876953125,0.002529144287109375,-0.01123046875,0.004421234130859375
0.33513975143432617,115.5625,-0.00469207763671875,-0.0079345703125,1.001953125,1.0,-0.00366973876953125,0.0025234222412109375,-0.01125335693359375,0.00429534912109375
0.3540217876434326,115.625,-0.0059814453125,-0.00745391845703125,1.0009765625,1.0,-0.0036773681640625,0.0025119781494140625,-0.0112457275390625,0.003589630126953125
0.37459588050842285,115.625,-0.004642486572265625,-0.00858306884765625,1.0009765625,1.0,-0.0036716461181640625,0.002521514892578125,-0.011260986328125,0.0034656524658203125
0.3953235149383545,115.5625,-0.0011806488037109375,-0.00818634033203125,1.0009765625,1.0,-0.0036773681640625,0.002536773681640625,-0.01125335693359375,0.0034427642822265625
0.413954496383667,115.5625,-0.0049896240234375,-0.0093994140625,0.99853515625,1.0,-0.0036754608154296875,0.0025196075439453125,-0.01126861572265625,0.002887725830078125
0.4339478015899658,115.5625,-0.005031585693359375,-0.00794219970703125,1.0,1.0,-0.0036792755126953125,0.0024967193603515625,-0.01129150390625,0.002399444580078125
0.45527148246765137,115.5625,-0.007678985595703125,-0.0062713623046875,0.99951171875,1.0,-0.0036830902099609375,0.0024814605712890625,-0.01128387451171875,0.002063751220703125
0.4743075370788574,115.5,-0.007144927978515625,-0.0086822509765625,1.0009765625,1.0,-0.00370025634765625,0.002498626708984375,-0.01129913330078125,0.0017862319946289062
0.49515271186828613,115.5,-0.004718780517578125,-0.00653076171875,1.0009765625,1.0,-0.003696441650390625,0.002471923828125,-0.01129150390625,0.001422882080078125
0.5139906406402588,115.5,-0.005847930908203125,-0.005947113037109375,1.001953125,1.0,-0.0037078857421875,0.00247955322265625,-0.011199951171875,0.0015468597412109375
0.5339107513427734,115.5,-0.00469970703125,-0.006496429443359375,1.001953125,1.0,-0.003711700439453125,0.0024871826171875,-0.01123046875,0.0013418197631835938
0.5539600849151611,115.5,-0.005855560302734375,-0.00911712646484375,1.001953125,1.0,-0.0037097930908203125,0.002483367919921875,-0.01116180419921875,0.0014791488647460938
0.5754795074462891,115.5,-0.00545501708984375,-0.0085296630859375,1.001953125,1.0,-0.0036945343017578125,0.0024509429931640625,-0.01116943359375,0.001312255859375
0.5942914485931396,115.5,-0.0047149658203125,-0.00591278076171875,1.001953125,1.0,-0.003688812255859375,0.0024127960205078125,-0.01116180419921875,0.00147247314453125
0.6147010326385498,115.5,-0.006244659423828125,-0.006435394287109375,1.0009765625,1.0,-0.0036945343017578125,0.0023956298828125,-0.01116180419921875,0.0016374588012695312
0.6343855857849121,115.5,-0.00507354736328125,-0.0060577392578125,1.0029296875,1.0,-0.0037059783935546875,0.0023555755615234375,-0.0111846923828125,0.0018091201782226562
0.654606819152832,115.4375,-0.0065460205078125,-0.0092315673828125,1.001953125,1.0,-0.0037078857421875,0.00232696533203125,-0.01117706298828125,0.0019893646240234375
0.6753392219543457,115.4375,-0.004886627197265625,-0.009033203125,1.0009765625,1.0,-0.0037078857421875,0.0023174285888671875,-0.0111846923828125,0.0021800994873046875
0.6954147815704346,115.5,-0.0027027130126953125,-0.00894927978515625,1.001953125,1.0,-0.003704071044921875,0.0023288726806640625,-0.01119232177734375,0.002376556396484375
0.714177131652832,115.4375,-0.0056304931640625,-0.00444793701171875,1.0009765625,1.0,-0.003681182861328125,0.002315521240234375,-0.01117706298828125,0.0025806427001953125
0.7341387271881104,115.375,-0.004085540771484375,-0.0098419189453125,1.0009765625,1.0,-0.0036773681640625,0.002288818359375,-0.01117706298828125,0.0027923583984375
0.7543163299560547,115.5,-0.005428314208984375,-0.0088348388671875,1.0,1.0,-0.0036754608154296875,0.002300262451171875,-0.0111846923828125,0.003009796142578125
0.7746577262878418,115.5,-0.006336212158203125,-0.00704193115234375,1.0009765625,1.0,-0.0036716461181640625,0.0022830963134765625,-0.01119232177734375,0.003231048583984375
0.7946138381958008,115.5,-0.00399017333984375,-0.0069122314453125,1.0,1.0,-0.0036754608154296875,0.002269744873046875,-0.01117706298828125,0.0034542083740234375
0.8146052360534668,115.5,-0.0064697265625,-0.00719451904296875,1.0009765625,1.0,-0.0036716461181640625,0.002277374267578125,-0.01116943359375,0.0036773681640625
0.8342854976654053,115.5,-0.0061492919921875,-0.007404327392578125,1.0,1.0,-0.0036640167236328125,0.002269744873046875,-0.01116943359375,0.00390625
0.8543314933776855,115.5625,-0.004314422607421875,-0.008544921875,1.001953125,1.0,-0.003658294677734375,0.002262115478515625,-0.0111846923828125,0.004138946533203125
0.8751158714294434,115.5625,-0.004955291748046875,-0.009307861328125,1.0,1.0,-0.00337982177734375,0.002410888671875,-0.01305389404296875,0.01300048828125
0.895115852355957,115.5,-0.00470733642578125,-0.007568359375,1.0009765625,1.0,-0.003383636474609375,0.002414703369140625,-0.0130615234375,0.0133209228515625
0.9152865409851074,115.5625,-0.0072784423828125,-0.00730133056640625,1.001953125,1.0,-0.0033893585205078125,0.00241851806640625,-0.01306915283203125,0.013641357421875
0.9340255260467529,115.5625,-0.003704071044921875,-0.01081085205078125,1.001953125,1.0,-0.0034122467041015625,0.0024089813232421875,-0.0130462646484375,0.01396942138671875
0.9541726112365723,115.5,-0.00640869140625,-0.006465911865234375,1.001953125,1.0,-0.0034027099609375,0.00240325927734375,-0.01305389404296875,0.01430511474609375
0.9746427536010742,115.5,-0.00592041015625,-0.00897979736328125,1.0029296875,1.0,-0.003391265869140625,0.0023822784423828125,-0.0130615234375,0.01464080810546875
0.9940440654754639,115.4375,-0.006061553955078125,-0.007320404052734375,1.001953125,1.0,-0.003398895263671875,0.002361297607421875,-0.01305389404296875,0.01499176025390625
1.015336513519287,115.5,-0.00548553466796875,-0.00861358642578125,1.001953125,1.0,-0.0034122467041015625,0.0023441314697265625,-0.0130462646484375,0.015350341796875
1.0344793796539307,115.5625,-0.005458831787109375,-0.00664520263671875,1.0029296875,1.0,-0.003414154052734375,0.0023365020751953125,-0.01306915283203125,0.0157318115234375
1.055156946182251,115.5625,-0.00482940673828125,-0.00540924072265625,1.0029296875,1.0,-0.0034236907958984375,0.0023555755615234375,-0.0130615234375,0.01611328125
1.074510097503662,115.5625,-0.00334930419921875,-0.009552001953125,1.001953125,1.0,-0.003429412841796875,0.0023651123046875,-0.0130615234375,0.0164947509765625
1.0953426361083984,115.5625,-0.006252288818359375,-0.005725860595703125,1.0009765625,1.0,-0.0034427642822265625,0.002361297607421875,-0.01306915283203125,0.0168914794921875
1.1153922080993652,115.5,-0.00551605224609375,-0.00872039794921875,0.99951171875,1.0,-0.0034580230712890625,0.002346038818359375,-0.0130615234375,0.017303466796875
1.1344058513641357,115.5625,-0.005382537841796875,-0.00901031494140625,1.001953125,1.0,-0.003475189208984375,0.002346038818359375,-0.0130767822265625,0.0177154541015625
1.1539027690887451,115.625,-0.004802703857421875,-0.00939178466796875,1.0,1.0,-0.0037326812744140625,0.0023651123046875,-0.01442718505859375,0.0192413330078125
1.174069881439209,115.625,-0.007030487060546875,-0.006130218505859375,1.0,1.0,-0.0037403106689453125,0.0023956298828125,-0.01535797119140625,0.0196990966796875
1.1939935684204102,115.625,-0.0027675628662109375,-0.007656097412109375,1.0029296875,1.0,-0.0037441253662109375,0.00241851806640625,-0.0160980224609375,0.0201263427734375
1.2152705192565918,115.5625,-0.0050811767578125,-0.00762939453125,0.99951171875,1.0,-0.0037441253662109375,0.0024242401123046875,-0.01666259765625,0.02056884765625
1.2346997261047363,115.5625,-0.005496978759765625,-0.00827789306640625,1.0009765625,1.0,-0.0037517547607421875,0.00243377685546875,-0.017181396484375,0.02099609375
1.2540011405944824,115.5,-0.0065765380859375,-0.0096893310546875,1.0029296875,1.0,-0.00376129150390625,0.00246429443359375,-0.017608642578125,0.0214385986328125
1.274430751800537,115.5,-0.004180908203125,-0.00902557373046875,1.001953125,1.0,-0.0037708282470703125,0.002498626708984375,-0.017608642578125,0.0218963623046875
1.294344425201416,115.4375,-0.00429534912109375,-0.006633758544921875,1.00390625,1.0,-0.0037841796875,0.0024738311767578125,-0.017608642578125,0.0223541259765625
1.3137938976287842,115.5,-0.007232666015625,-0.00847625732421875,1.001953125,1.0,-0.003787994384765625,0.0024356842041015625,-0.017608642578125,0.0228271484375
1.3341915607452393,115.4375,-0.005054473876953125,-0.00888824462890625,1.0009765625,1.0,-0.0037994384765625,0.0024127960205078125,-0.0176239013671875,0.0233154296875
1.3543336391448975,115.5,-0.002811431884765625,-0.005931854248046875,1.0,1.0,-0.004070281982421875,0.0023937225341796875,-0.0187225341796875,0.01500701904296875
1.3746423721313477,115.5,-0.00324249267578125,-0.00737762451171875,1.0009765625,1.0,-0.00406646728515625,0.00241851806640625,-0.018707275390625,0.0150909423828125
1.394444227218628,115.5,-0.006031036376953125,-0.00850677490234375,1.001953125,1.0,-0.004077911376953125,0.002422332763671875,-0.0186920166015625,0.01519012451171875
1.4144625663757324,115.5625,-0.00620269775390625,-0.00775909423828125,1.0,1.0,-0.004016876220703125,0.00244903564453125,-0.0187530517578125,0.01507568359375
1.4339485168457031,115.5,-0.0055389404296875,-0.006038665771484375,1.0,1.0,-0.00400543212890625,0.002445220947265625,-0.0186614990234375,0.0151214599609375
1.454667329788208,115.5625,-0.0048980712890625,-0.004474639892578125,1.0029296875,1.0,-0.004009246826171875,0.00246429443359375,-0.0186614990234375,0.01519775390625
1.473862648010254,115.5625,-0.006378173828125,-0.007587432861328125,1.00390625,1.0,-0.004009246826171875,0.0025005340576171875,-0.0182342529296875,0.01525115966796875
1.4940154552459717,115.5,-0.004611968994140625,-0.00899505615234375,0.99951171875,1.0,-0.003993988037109375,0.0024871826171875,-0.0178375244140625,0.01529693603515625
1.5142900943756104,115.5625,-0.00716400146484375,-0.008819580078125,0.99951171875,1.0,-0.00399017333984375,0.0024890899658203125,-0.017242431640625,0.015350341796875
1.5351910591125488,115.5625,-0.0057373046875,-0.00769805908203125,1.0009765625,1.0,-0.003993988037109375,0.0024871826171875,-0.017242431640625,0.01543426513671875
1.5545425415039062,115.5625,-0.004535675048828125,-0.00722503662109375,1.0029296875,1.0,-0.003997802734375,0.002468109130859375,-0.017242431640625,0.0155181884765625
1.5738706588745117,115.5,-0.006778717041015625,-0.008392333984375,0.99609375,1.0,-0.004009246826171875,0.002460479736328125,-0.0172271728515625,0.0156097412109375
1.5938944816589355,115.5625,-0.006893157958984375,-0.007701873779296875,1.001953125,1.0,-0.00402069091796875,0.00243377685546875,-0.017242431640625,0.0157012939453125
1.6141719818115234,115.5,-0.005565643310546875,-0.007083892822265625,1.00390625,1.0,-0.004016876220703125,0.0024127960205078125,-0.017242431640625,0.0157928466796875
1.634190320968628,115.5,-0.00620269775390625,-0.007572174072265625,0.998046875,1.0,-0.003925323486328125,0.0024547576904296875,-0.0168304443359375,0.0157318115234375
1.654571771621704,115.5,-0.005950927734375,-0.006072998046875,1.00390625,1.0,-0.003902435302734375,0.0024871826171875,-0.0165557861328125,0.0157623291015625
1.6736667156219482,115.5,-0.00708770751953125,-0.00849151611328125,1.0009765625,1.0,-0.0038890838623046875,0.00251007080078125,-0.016357421875,0.0157928466796875
1.6942799091339111,115.4375,-0.0036945343017578125,-0.006046295166015625,1.0,1.0,-0.00388336181640625,0.00250244140625,-0.0163726806640625,0.015869140625
1.7140247821807861,115.5,-0.00634765625,-0.009033203125,1.0009765625,1.0,-0.003864288330078125,0.002506256103515625,-0.0164642333984375,0.0158843994140625
1.73435640335083,115.4375,-0.0034694671630859375,-0.007610321044921875,1.0029296875,1.0,-0.0038585662841796875,0.002559661865234375,-0.0166473388671875,0.0158843994140625
1.753824234008789,115.4375,-0.00823974609375,-0.00921630859375,1.0029296875,1.0,-0.0038356781005859375,0.0026111602783203125,-0.0168609619140625,0.0158843994140625
1.7744495868682861,115.4375,-0.005008697509765625,-0.00623321533203125,0.998046875,1.0,-0.0038509368896484375,0.00262451171875,-0.017181396484375,0.0158538818359375
1.793442726135254,115.4375,-0.006381988525390625,-0.009124755859375,1.001953125,1.0,-0.0038585662841796875,0.0026493072509765625,-0.0174407958984375,0.0158233642578125
1.8142869472503662,115.4375,-0.0051116943359375,-0.007534027099609375,1.001953125,1.0,-0.003948211669921875,0.0026531219482421875,-0.018157958984375,0.01412200927734375
1.8337249755859375,115.4375,-0.006072998046875,-0.006763458251953125,1.0029296875,1.0,-0.00395965576171875,0.002651214599609375,-0.0181732177734375,0.01410675048828125
1.854177713394165,115.5,-0.00440216064453125,-0.00789642333984375,1.0029296875,1.0,-0.003963470458984375,0.0026721954345703125,-0.0190887451171875,0.0139007568359375
1.8743281364440918,115.5,-0.0057830810546875,-0.006343841552734375,1.0009765625,1.0,-0.003963470458984375,0.0026226043701171875,-0.01910400390625,0.013885498046875
1.8935976028442383,115.5625,-0.00400543212890625,-0.006626129150390625,0.99951171875,1.0,-0.00396728515625,0.002651214599609375,-0.01910400390625,0.013885498046875
1.9149885177612305,115.5625,-0.005706787109375,-0.0080718994140625,1.0,1.0,-0.004001617431640625,0.0026035308837890625,-0.019195556640625,0.01390838623046875
1.933729648590088,115.5,-0.005123138427734375,-0.0082550048828125,1.0029296875,1.0,-0.003993988037109375,0.002620697021484375,-0.019195556640625,0.013916015625
1.9541051387786865,115.5,-0.005176544189453125,-0.00824737548828125,1.0029296875,1.0,-0.003993988037109375,0.0026264190673828125,-0.0191802978515625,0.0139007568359375
1.9742763042449951,115.5,-0.00478363037109375,-0.007061004638671875,1.0009765625,1.0,-0.003993988037109375,0.002597808837890625,-0.0191802978515625,0.013916015625
1.9938225746154785,115.5,-0.005931854248046875,-0.0084381103515625,1.001953125,1.0,-0.003993988037109375,0.0026092529296875,-0.0191802978515625,0.0139312744140625
2.013983726501465,115.5625,-0.006072998046875,-0.007160186767578125,0.99951171875,1.0,-0.0040130615234375,0.0026302337646484375,-0.0191802978515625,0.01395416259765625
2.034153461456299,115.625,-0.0048980712890625,-0.0072784423828125,0.99853515625,1.0,-0.004039764404296875,0.002716064453125,-0.0188751220703125,0.01396942138671875
2.054002285003662,115.5625,-0.007030487060546875,-0.0072174072265625,1.001953125,1.0,-0.004058837890625,0.0027179718017578125,-0.0184783935546875,0.01396942138671875
2.0735042095184326,115.5,-0.007328033447265625,-0.007656097412109375,1.0009765625,1.0,-0.004058837890625,0.0027065277099609375,-0.0180816650390625,0.0139617919921875
2.0944204330444336,115.4375,-0.006473541259765625,-0.006072998046875,1.0029296875,1.0,-0.004039764404296875,0.002685546875,-0.0176849365234375,0.0139617919921875
2.1138997077941895,115.5,-0.0053558349609375,-0.00836944580078125,1.0029296875,1.0,-0.004032135009765625,0.002620697021484375,-0.017303466796875,0.01396942138671875
2.1346216201782227,115.5625,-0.007236480712890625,-0.00618743896484375,1.0009765625,1.0,-0.0040130615234375,0.002613067626953125,-0.0168914794921875,0.0139923095703125
2.1539735794067383,115.5,-0.00399017333984375,-0.00814056396484375,1.001953125,1.0,-0.004032135009765625,0.0026149749755859375,-0.0169219970703125,0.01403045654296875
2.1741080284118652,115.5,-0.005367279052734375,-0.0095367431640625,1.0009765625,1.0,-0.004039764404296875,0.002605438232421875,-0.0169219970703125,0.014068603515625
2.193455219268799,115.5,-0.007598876953125,-0.0084381103515625,1.0029296875,1.0,-0.004009246826171875,0.002674102783203125,-0.016448974609375,0.01409912109375
2.214580774307251,115.5,-0.003505706787109375,-0.0038604736328125,1.0009765625,1.0,-0.0039825439453125,0.0026950836181640625,-0.0160369873046875,0.01413726806640625
2.233619213104248,115.4375,-0.0062255859375,-0.00853729248046875,1.0048828125,1.0,-0.00395965576171875,0.002689361572265625,-0.0156097412109375,0.014190673828125
2.253798723220825,115.5,-0.00494384765625,-0.00939178466796875,1.0,1.0,-0.00395965576171875,0.0026702880859375,-0.0152435302734375,0.01424407958984375
2.274824619293213,115.5,-0.003940582275390625,-0.007518768310546875,1.001953125,1.0,-0.00396728515625,0.002655029296875,-0.01523590087890625,0.01430511474609375
2.2934587001800537,115.5625,-0.006053924560546875,-0.00724029541015625,1.0,1.0,-0.00396728515625,0.0026607513427734375,-0.01523590087890625,0.01436614990234375
2.3145248889923096,115.5625,-0.0065155029296875,-0.0070648193359375,0.9990234375,1.0,-0.003963470458984375,0.0026721954345703125,-0.0152435302734375,0.014434814453125
2.3338263034820557,115.625,-0.0047454833984375,-0.00902557373046875,1.0029296875,1.0,-0.00392913818359375,0.0026607513427734375,-0.01506805419921875,0.01453399658203125
2.354443311691284,115.625,-0.0051116943359375,-0.00750732421875,1.0,1.0,-0.003932952880859375,0.0026397705078125,-0.01506805419921875,0.0146026611328125
2.373901605606079,115.5625,-0.006717681884765625,-0.0069122314453125,1.0029296875,1.0,-0.00392913818359375,0.0026531219482421875,-0.01507568359375,0.014678955078125
2.3933489322662354,115.75,-0.0087432861328125,-0.0075836181640625,1.0009765625,1.0,-0.003917694091796875,0.00263214111328125,-0.01491546630859375,0.014801025390625
2.413468837738037,115.6875,-0.005062103271484375,-0.0093994140625,1.0029296875,1.0,-0.003910064697265625,0.002655029296875,-0.0149383544921875,0.01488494873046875
2.4339468479156494,115.6875,-0.004425048828125,-0.006687164306640625,1.0009765625,1.0,-0.0038814544677734375,0.0026912689208984375,-0.01500701904296875,0.015045166015625
2.4541211128234863,115.625,-0.007266998291015625,-0.007419586181640625,1.001953125,1.0,-0.003864288330078125,0.0027008056640625,-0.0151214599609375,0.0151824951171875
2.4740936756134033,115.6875,-0.005199432373046875,-0.00791168212890625,0.99951171875,1.0,-0.0038661956787109375,0.0027446746826171875,-0.0152740478515625,0.015289306640625
2.4939310550689697,115.5625,-0.00720977783203125,-0.007488250732421875,1.0009765625,1.0,-0.0038433074951171875,0.0027408599853515625,-0.01546478271484375,0.01540374755859375
2.5134472846984863,115.5625,-0.006549835205078125,-0.007282257080078125,0.9990234375,1.0,-0.0038242340087890625,0.00272369384765625,-0.015625,0.01554107666015625
2.53436279296875,115.5625,-0.00601959228515625,-0.00787353515625,1.0029296875,1.0,-0.003833770751953125,0.002712249755859375,-0.015625,0.0156402587890625
2.5537874698638916,115.5625,-0.00555419921875,-0.0095062255859375,1.0,1.0,-0.0038471221923828125,0.002735137939453125,-0.015625,0.01580810546875
2.5743112564086914,115.5625,-0.004199981689453125,-0.00855255126953125,1.0029296875,1.0,-0.0038471221923828125,0.0027294158935546875,-0.0156402587890625,0.0159149169921875
2.5939433574676514,115.5625,-0.00601959228515625,-0.009521484375,1.0,1.0,-0.0038433074951171875,0.0027103424072265625,-0.0156402587890625,0.016021728515625
2.6144235134124756,115.5,-0.00787353515625,-0.00907135009765625,1.0029296875,1.0,-0.0038471221923828125,0.0027313232421875,-0.015655517578125,0.0161590576171875
2.6345391273498535,115.5625,-0.00514984130859375,-0.00711822509765625,1.0009765625,1.0,-0.003826141357421875,0.0027370452880859375,-0.0158233642578125,0.016326904296875
2.6540610790252686,115.5625,-0.005580902099609375,-0.006023406982421875,1.0,1.0,-0.0038299560546875,0.00274658203125,-0.0158233642578125,0.0164642333984375
2.6737561225891113,115.625,-0.006649017333984375,-0.0072784423828125,1.001953125,1.0,-0.0038280487060546875,0.002796173095703125,-0.015960693359375,0.0166778564453125
2.6937758922576904,115.625,-0.00524139404296875,-0.00726318359375,1.0009765625,1.0,-0.0038604736328125,0.003154754638671875,-0.017791748046875,0.016632080078125
2.714500904083252,115.625,-0.005229949951171875,-0.0094146728515625,1.001953125,1.0,-0.003871917724609375,0.0031223297119140625,-0.017791748046875,0.016754150390625
2.733788013458252,115.625,-0.0037097930908203125,-0.0082855224609375,1.001953125,1.0,-0.00392913818359375,0.0030956268310546875,-0.0187530517578125,0.0162811279296875
2.753485918045044,115.6875,-0.005840301513671875,-0.00963592529296875,1.0,1.0,-0.003932952880859375,0.0030727386474609375,-0.0187530517578125,0.016357421875
2.774052858352661,115.625,-0.006122589111328125,-0.00717926025390625,1.0,1.0,-0.0038890838623046875,0.002704620361328125,-0.01910400390625,0.016387939453125
2.793571710586548,115.625,-0.0038700103759765625,-0.00879669189453125,1.001953125,1.0,-0.0039005279541015625,0.002613067626953125,-0.0194244384765625,0.0165252685546875
2.8141016960144043,115.5625,-0.00586700439453125,-0.008453369140625,1.0,1.0,-0.0039215087890625,0.0025691986083984375,-0.01983642578125,0.016693115234375
2.8335094451904297,115.5625,-0.00612640380859375,-0.006549835205078125,1.0009765625,1.0,-0.003910064697265625,0.0025157928466796875,-0.0202484130859375,0.016845703125
2.854867935180664,115.5625,-0.003742218017578125,-0.00957489013671875,1.001953125,1.0,-0.003925323486328125,0.00247955322265625,-0.0202484130859375,0.0169830322265625
2.8736743927001953,115.5625,-0.0068359375,-0.007648468017578125,1.0009765625,1.0,-0.003936767578125,0.002471923828125,-0.020263671875,0.017120361328125
2.8936924934387207,115.5625,-0.00489044189453125,-0.0096588134765625,1.0029296875,1.0,-0.003936767578125,0.00250244140625,-0.0208740234375,0.0172271728515625
2.9131598472595215,115.625,-0.007785797119140625,-0.006778717041015625,1.001953125,1.0,-0.00391387939453125,0.00251007080078125,-0.021484375,0.0173492431640625
2.933377265930176,115.625,-0.007350921630859375,-0.0067138671875,0.99951171875,0.99951171875,-0.003917694091796875,0.0025043487548828125,-0.0221099853515625,0.017486572265625
2.9538514614105225,115.6875,-0.005329132080078125,-0.007404327392578125,1.0029296875,0.99951171875,-0.003932952880859375,0.002490997314453125,-0.022125244140625,0.01763916015625
2.9739911556243896,115.625,-0.006664276123046875,-0.00640869140625,1.00390625,0.99951171875,-0.003940582275390625,0.0025177001953125,-0.022125244140625,0.0178070068359375
2.9934866428375244,115.5625,-0.004364013671875,-0.007556915283203125,1.001953125,0.99951171875,-0.003940582275390625,0.0025119781494140625,-0.0221405029296875,0.017974853515625
3.0135467052459717,115.625,-0.003253936767578125,-0.00977325439453125,1.00390625,0.99951171875,-0.0039520263671875,0.00247955322265625,-0.0221405029296875,0.018157958984375
3.033449649810791,115.625,-0.0038127899169921875,-0.00646209716796875,1.0029296875,0.99951171875,-0.004085540771484375,0.0032329559326171875,-0.023468017578125,0.0170440673828125
3.0531630516052246,115.625,-0.007740020751953125,-0.006137847900390625,1.001953125,0.99951171875,-0.004058837890625,0.003406524658203125,-0.024688720703125,0.0171966552734375
3.0732979774475098,115.625,-0.00788116455078125,-0.00875091552734375,1.0009765625,0.99951171875,-0.004047393798828125,0.0034503936767578125,-0.025787353515625,0.0173187255859375
3.0931544303894043,115.625,-0.0055084228515625,-0.008697509765625,1.0,0.99951171875,-0.004032135009765625,0.0034236907958984375,-0.0267791748046875,0.017425537109375
3.1133670806884766,115.625,-0.00493621826171875,-0.007701873779296875,1.001953125,0.99951171875,-0.00403594970703125,0.0033588409423828125,-0.027557373046875,0.01751708984375
3.133496046066284,115.5625,-0.00377655029296875,-0.01001739501953125,1.0009765625,0.99951171875,-0.004055023193359375,0.003299713134765625,-0.0283203125,0.017608642578125
3.1537067890167236,115.5625,-0.006153106689453125,-0.00789642333984375,1.001953125,0.99951171875,-0.004047393798828125,0.00330352783203125,-0.0283355712890625,0.0177154541015625
3.1732726097106934,115.625,-0.007144927978515625,-0.00687408447265625,1.001953125,0.99951171875,-0.004070281982421875,0.00318145751953125,-0.0291595458984375,0.017791748046875
3.193699598312378,115.625,-0.006107330322265625,-0.009002685546875,1.0009765625,0.99951171875,-0.004093170166015625,0.002712249755859375,-0.0302276611328125,0.017547607421875
3.2137231826782227,115.5625,-0.00576019287109375,-0.00858306884765625,1.001953125,0.99951171875,-0.004138946533203125,0.00266265869140625,-0.03125,0.0174713134765625
3.233276605606079,115.5625,-0.0057525634765625,-0.007701873779296875,1.001953125,0.99951171875,-0.004177093505859375,0.00262451171875,-0.031982421875,0.0172119140625
3.2533421516418457,115.5625,-0.005069732666015625,-0.00897979736328125,1.001953125,0.99951171875,-0.00418853759765625,0.0025806427001953125,-0.032684326171875,0.0172119140625
3.273423433303833,115.5625,-0.006542205810546875,-0.00798797607421875,1.0029296875,0.99951171875,-0.0041961669921875,0.0026950836181640625,-0.0330810546875,0.0172882080078125
3.2931771278381348,115.5625,-0.0052947998046875,-0.00787353515625,1.0009765625,0.99951171875,-0.00418853759765625,0.0024814605712890625,-0.033172607421875,0.017333984375
3.31330943107605,115.5625,-0.0051422119140625,-0.00701904296875,1.0009765625,0.99951171875,-0.004192352294921875,0.0023784637451171875,-0.033294677734375,0.0174102783203125
3.3333191871643066,115.5625,-0.00698089599609375,-0.00921630859375,1.0009765625,0.99951171875,-0.00421905517578125,0.0025882720947265625,-0.033721923828125,0.017364501953125
3.3544974327087402,115.5625,-0.00556182861328125,-0.007038116455078125,0.99853515625,0.99951171875,-0.004215240478515625,0.0027179718017578125,-0.034210205078125,0.0174713134765625
3.3731398582458496,115.625,-0.004177093505859375,-0.0069732666015625,1.0009765625,0.99951171875,-0.004199981689453125,0.0026950836181640625,-0.034210205078125,0.0175323486328125
3.3931832313537598,115.625,-0.006046295166015625,-0.0070343017578125,1.0029296875,0.99951171875,-0.00418853759765625,0.002685546875,-0.034210205078125,0.0175933837890625
3.4144973754882812,115.625,-0.0033817291259765625,-0.00835418701171875,1.0009765625,0.99951171875,-0.00418853759765625,0.0026836395263671875,-0.034210205078125,0.017669677734375
3.4337878227233887,115.625,-0.004779815673828125,-0.0086517333984375,1.001953125,0.99951171875,-0.004184722900390625,0.002681732177734375,-0.0341796875,0.01776123046875
3.453658103942871,115.625,-0.007564544677734375,-0.007518768310546875,1.0009765625,0.99951171875,-0.004192352294921875,0.002651214599609375,-0.034210205078125,0.0178375244140625
3.4739365577697754,115.6875,-0.003688812255859375,-0.0093841552734375,0.99951171875,0.99951171875,-0.004184722900390625,0.002674102783203125,-0.034210205078125,0.0179290771484375
3.493518590927124,115.625,-0.006778717041015625,-0.00817108154296875,1.0,0.99951171875,-0.004180908203125,0.0026397705078125,-0.034210205078125,0.0180206298828125
3.5137195587158203,115.625,-0.0047454833984375,-0.00917816162109375,1.0009765625,0.99951171875,-0.003971099853515625,0.001922607421875,-0.03424072265625,0.017669677734375
3.533456325531006,115.5625,-0.00592041015625,-0.00843048095703125,1.001953125,0.99951171875,-0.003971099853515625,0.0019092559814453125,-0.034210205078125,0.01763916015625
3.5535097122192383,115.5625,-0.00428009033203125,-0.00833892822265625,1.0009765625,0.99951171875,-0.00396728515625,0.0018978118896484375,-0.034210205078125,0.0176544189453125
3.57379150390625,115.5625,-0.006473541259765625,-0.007843017578125,1.0009765625,0.99951171875,-0.003948211669921875,0.0019216537475585938,-0.03399658203125,0.0177001953125
3.5938057899475098,115.625,-0.004642486572265625,-0.00881195068359375,1.0009765625,0.99951171875,-0.003940582275390625,0.0019588470458984375,-0.033843994140625,0.017730712890625
3.613673448562622,115.625,-0.00505828857421875,-0.01010894775390625,0.9990234375,0.99951171875,-0.0039520263671875,0.0020046234130859375,-0.033721923828125,0.01776123046875
3.6329972743988037,115.625,-0.005176544189453125,-0.0078582763671875,1.0009765625,0.99951171875,-0.00395965576171875,0.00208282470703125,-0.033599853515625,0.017791748046875
3.6529641151428223,115.625,-0.006374359130859375,-0.0067901611328125,1.0009765625,0.99951171875,-0.00396728515625,0.002178192138671875,-0.0333251953125,0.017791748046875
3.6733248233795166,115.5625,-0.0055389404296875,-0.00878143310546875,1.001953125,0.99951171875,-0.00397491455078125,0.0022716522216796875,-0.0330810546875,0.0178070068359375
3.6931509971618652,115.5625,-0.0044403076171875,-0.00972747802734375,1.001953125,0.99951171875,-0.00396728515625,0.0023250579833984375,-0.032867431640625,0.017822265625
3.713939905166626,115.625,-0.001956939697265625,-0.004917144775390625,1.0029296875,0.99951171875,-0.004085540771484375,0.002620697021484375,-0.033538818359375,0.016693115234375
3.732921600341797,115.625,-0.0038547515869140625,-0.007709503173828125,1.0,0.99951171875,-0.00408172607421875,0.0025806427001953125,-0.033416748046875,0.0166778564453125
3.75295352935791,115.625,-0.0067596435546875,-0.0089263916015625,1.0009765625,0.99951171875,-0.004062652587890625,0.00255584716796875,-0.033416748046875,0.0166473388671875
3.774463415145874,115.625,-0.00710296630859375,-0.00803375244140625,1.0029296875,0.99951171875,-0.004055023193359375,0.0025482177734375,-0.033416748046875,0.0166168212890625
3.7930285930633545,115.625,-0.005641937255859375,-0.01013946533203125,1.0009765625,0.99951171875,-0.004058837890625,0.0025310516357421875,-0.033416748046875,0.0166015625
3.813171863555908,115.625,-0.00521087646484375,-0.00449371337890625,1.0009765625,0.99951171875,-0.004047393798828125,0.0025043487548828125,-0.033416748046875,0.0166015625
3.8331096172332764,115.6875,0.0025005340576171875,-0.01116180419921875,1.0,0.99951171875,-0.00409698486328125,0.002506256103515625,-0.033447265625,0.0165863037109375
3.8530497550964355,115.6875,0.0033245086669921875,-0.0038700103759765625,1.013671875,0.99951171875,-0.004108428955078125,0.002513885498046875,-0.033447265625,0.016571044921875
3.873281717300415,115.6875,0.11895751953125,0.087158203125,1.01171875,0.99951171875,-0.00437164306640625,0.002719879150390625,-0.033355712890625,0.0165863037109375
3.8934507369995117,115.625,-0.050872802734375,-0.006557464599609375,1.0205078125,0.99951171875,-0.005016326904296875,0.0035686492919921875,-0.03302001953125,0.0167388916015625
3.913541555404663,115.625,-0.0836181640625,-0.02099609375,1.025390625,0.99951171875,-0.00754547119140625,0.0036945343017578125,-0.03289794921875,0.016937255859375
3.933269500732422,115.6875,-0.01372528076171875,-0.08660888671875,0.9501953125,0.99951171875,-0.01142120361328125,0.0032787322998046875,-0.035247802734375,0.01776123046875
3.953347682952881,115.6875,-0.12225341796875,-0.10345458984375,1.0498046875,0.9990234375,-0.013702392578125,0.0032825469970703125,-0.036956787109375,0.017974853515625
3.9735000133514404,115.625,0.05389404296875,0.036163330078125,0.9990234375,0.9990234375,-0.01690673828125,0.003002166748046875,-0.03924560546875,0.0181732177734375
3.9934842586517334,115.625,-0.033294677734375,-0.035675048828125,1.0087890625,0.9990234375,-0.021759033203125,0.0031299591064453125,-0.042572021484375,0.0185699462890625
4.013448238372803,115.625,-0.0640869140625,-0.004566192626953125,1.046875,0.99853515625,-0.0258331298828125,0.0029144287109375,-0.044830322265625,0.0189666748046875
4.034392833709717,115.6875,-0.1883544921875,-0.0011692047119140625,0.99462890625,0.99853515625,-0.0308380126953125,0.001373291015625,-0.047088623046875,0.019500732421875
4.053279399871826,115.625,-0.1319580078125,-0.0194091796875,1.0556640625,0.99853515625,-0.037200927734375,0.0009250640869140625,-0.044525146484375,0.0200958251953125
4.074507236480713,115.625,-0.050628662109375,-0.1041259765625,1.1376953125,0.998046875,-0.045379638671875,0.0027256011962890625,-0.03851318359375,0.0207977294921875
4.093287944793701,115.6875,-0.0491943359375,-0.11322021484375,1.2021484375,0.998046875,-0.05194091796875,0.0072479248046875,-0.03515625,0.02191162109375
4.113348960876465,115.625,-0.08941650390625,-0.1461181640625,1.2314453125,0.998046875,-0.05474853515625,0.013458251953125,-0.03375244140625,0.0238189697265625
4.134567499160767,115.6875,-0.102294921875,-0.140625,1.2568359375,0.99755859375,-0.055816650390625,0.0188140869140625,-0.036224365234375,0.0268096923828125
4.153815746307373,115.6875,-0.0970458984375,-0.110107421875,1.2734375,0.99755859375,-0.053497314453125,0.02459716796875,-0.0389404296875,0.0303802490234375
4.173166275024414,115.6875,-0.10626220703125,-0.08941650390625,1.2666015625,0.99755859375,-0.050689697265625,0.029083251953125,-0.03997802734375,0.034942626953125
4.193057537078857,115.625,-0.0701904296875,-0.0701904296875,1.232421875,0.99755859375,-0.048187255859375,0.0301666259765625,-0.04010009765625,0.04022216796875
4.214101552963257,115.625,-0.07354736328125,-0.08782958984375,1.171875,0.99755859375,-0.04669189453125,0.0305328369140625,-0.0384521484375,0.04693603515625
4.233347654342651,115.625,-0.05096435546875,-0.1312255859375,1.1171875,0.99755859375,-0.04693603515625,0.031463623046875,-0.036407470703125,0.054534912109375
4.253176212310791,115.625,-0.070068359375,-0.1650390625,1.1162109375,0.99755859375,-0.04779052734375,0.036102294921875,-0.03582763671875,0.06341552734375
4.273286819458008,115.6875,-0.0872802734375,-0.1334228515625,1.1875,0.9970703125,-0.050872802734375,0.04248046875,-0.035736083984375,0.07171630859375
4.29343843460083,115.625,-0.071533203125,-0.1435546875,1.287109375,0.99658203125,-0.0552978515625,0.050262451171875,-0.035400390625,0.08038330078125
4.313114404678345,115.6875,-0.06304931640625,-0.2000732421875,1.357421875,0.99609375,-0.0577392578125,0.05987548828125,-0.036712646484375,0.09033203125
4.333517789840698,115.75,-0.10919189453125,-0.1578369140625,1.4208984375,0.9951171875,-0.05645751953125,0.07000732421875,-0.04150390625,0.10186767578125
4.3531811237335205,115.75,-0.225830078125,-0.09832763671875,1.43359375,0.99462890625,-0.053466796875,0.07550048828125,-0.046600341796875,0.11419677734375
4.373011112213135,115.8125,-0.26806640625,-0.0767822265625,1.3408203125,0.99462890625,-0.047637939453125,0.0767822265625,-0.051483154296875,0.12890625
4.393319368362427,115.875,-0.25,-0.042022705078125,1.2294921875,0.9951171875,-0.040863037109375,0.0740966796875,-0.0533447265625,0.14501953125
4.414117336273193,115.875,-0.206787109375,0.02984619140625,1.1318359375,0.99560546875,-0.0360107421875,0.0679931640625,-0.05224609375,0.1624755859375
4.432974338531494,115.875,-0.11279296875,-0.021240234375,1.087890625,0.99609375,-0.03179931640625,0.06378173828125,-0.049102783203125,0.1810302734375
4.452924013137817,115.875,-0.046905517578125,-0.1256103515625,1.1552734375,0.99658203125,-0.0294342041015625,0.062286376953125,-0.044525146484375,0.19970703125
4.4728477001190186,115.9375,-0.08087158203125,-0.1630859375,1.2275390625,0.99658203125,-0.028289794921875,0.0638427734375,-0.041015625,0.2188720703125
4.493069171905518,115.9375,-0.1407470703125,-0.08624267578125,1.2080078125,0.99658203125,-0.0251007080078125,0.06646728515625,-0.04052734375,0.2392578125
4.51428484916687,115.9375,-0.136474609375,-0.040924072265625,1.1533203125,0.99658203125,-0.0204010009765625,0.06756591796875,-0.04095458984375,0.2587890625
4.533132553100586,115.9375,-0.09918212890625,-0.059722900390625,1.1552734375,0.99658203125,-0.0177001953125,0.06866455078125,-0.039520263671875,0.2802734375
4.552966356277466,115.9375,-0.123291015625,-0.0909423828125,1.2109375,0.99658203125,-0.0171051025390625,0.07049560546875,-0.03680419921875,0.302490234375
4.573529005050659,116.0,-0.17919921875,-0.0904541015625,1.2470703125,0.99658203125,-0.01727294921875,0.072509765625,-0.03387451171875,0.325439453125
4.593402624130249,116.0,-0.1815185546875,-0.043487548828125,1.232421875,0.99658203125,-0.0174407958984375,0.0714111328125,-0.031005859375,0.349365234375
4.614384174346924,116.0,-0.0966796875,-0.0097198486328125,1.16015625,0.9970703125,-0.0149383544921875,0.06683349609375,-0.0264129638671875,0.373046875
4.63289213180542,116.0,-0.108642578125,-0.032012939453125,1.109375,0.99755859375,-0.01219940185546875,0.062164306640625,-0.021881103515625,0.3984375
4.653402090072632,116.0,-0.031402587890625,-0.148193359375,1.072265625,0.998046875,-0.00926971435546875,0.058624267578125,-0.01568603515625,0.424072265625
4.672996520996094,116.0625,0.06463623046875,-0.2430419921875,1.08203125,0.99853515625,-0.00914764404296875,0.053802490234375,-0.0103759765625,0.450439453125
4.693461179733276,116.0625,0.0033721923828125,-0.1639404296875,1.0498046875,0.99853515625,-0.006206512451171875,0.050811767578125,-0.0127716064453125,0.4765625
4.713405132293701,116.125,-0.10943603515625,-0.006744384765625,0.994140625,0.99853515625,0.0030460357666015625,0.05328369140625,-0.02215576171875,0.50341796875
4.732759714126587,116.125,-0.29345703125,0.060150146484375,1.001953125,0.998046875,0.0099945068359375,0.0570068359375,-0.0295562744140625,0.52978515625
4.7527220249176025,116.0625,-0.287353515625,0.0394287109375,0.9697265625,0.99755859375,0.01258087158203125,0.057525634765625,-0.03179931640625,0.556640625
4.7732322216033936,116.125,-0.11627197265625,-0.0338134765625,0.93115234375,0.998046875,0.0112457275390625,0.054534912109375,-0.027740478515625,0.580078125
4.79297399520874,116.1875,-0.0307769775390625,-0.09698486328125,0.953125,0.99853515625,0.0063323974609375,0.048095703125,-0.017913818359375,0.6064453125
4.81277322769165,116.1875,0.059173583984375,-0.123046875,0.98681640625,0.9990234375,6.437301635742188e-05,0.041717529296875,-0.00890350341796875,0.63134765625
4.833277225494385,116.1875,0.10211181640625,-0.12091064453125,1.0341796875,0.9990234375,-0.004581451416015625,0.040374755859375,-0.00560760498046875,0.6572265625
4.853395462036133,116.125,-0.035400390625,-0.05438232421875,1.013671875,0.9990234375,-0.0030612945556640625,0.0460205078125,-0.00919342041015625,0.68310546875
4.872793912887573,116.1875,-0.1578369140625,0.009613037109375,0.9453125,0.99853515625,0.003078460693359375,0.053863525390625,-0.01551055908203125,0.70947265625
4.893329858779907,116.25,-0.2091064453125,0.041046142578125,0.9677734375,0.99853515625,0.005126953125,0.05706787109375,-0.006744384765625,0.734375
4.9134299755096436,116.3125,-0.16796875,0.08038330078125,1.041015625,0.99853515625,0.0022525787353515625,0.05596923828125,-0.006931304931640625,0.759765625
4.93292236328125,116.3125,-0.1083984375,0.02886962890625,1.0576171875,0.99853515625,2.7418136596679688e-06,0.0545654296875,-0.0044097900390625,0.78564453125
4.953016996383667,116.3125,-0.10736083984375,0.0006642341613769531,1.0068359375,0.99853515625,-0.00264739990234375,0.0499267578125,-0.00020456314086914062,0.8193359375
4.979328155517578,116.375,0.0259246826171875,-0.09942626953125,0.8466796875,0.99951171875,-0.00438690185546875,0.0352783203125,0.006504058837890625,0.86376953125
4.9930078983306885,116.375,0.061370849609375,-0.16015625,0.7841796875,0.99951171875,-0.004566192626953125,0.03240966796875,0.00849151611328125,0.876953125
5.013650178909302,116.4375,0.0038928985595703125,-0.1556396484375,0.7822265625,0.99951171875,-0.004917144775390625,0.03082275390625,0.00824737548828125,0.9033203125
5.033350229263306,116.4375,-0.1812744140625,-0.01032257080078125,0.77392578125,0.99951171875,-0.005298614501953125,0.0301055908203125,0.00313568115234375,0.92919921875
5.052681922912598,116.5,-0.2415771484375,0.1646728515625,0.724609375,0.99951171875,-0.0052947998046875,0.0301666259765625,-0.0014219284057617188,0.95361328125
5.073063373565674,116.4375,-0.123291015625,0.2374267578125,0.72705078125,0.99951171875,-0.00836944580078125,0.0316162109375,-0.002384185791015625,0.97607421875
5.093276739120483,116.4375,-0.11773681640625,0.166748046875,0.7734375,0.99951171875,-0.01727294921875,0.0325927734375,8.845329284667969e-05,0.9970703125
5.112582683563232,116.5,-0.145751953125,0.02349853515625,0.7265625,0.9990234375,-0.0278472900390625,0.0301361083984375,0.006397247314453125,1.0185546875
5.132801055908203,116.5625,-0.028778076171875,-0.009979248046875,0.6669921875,0.9990234375,-0.03839111328125,0.024261474609375,0.01557159423828125,1.0380859375
5.152833700180054,116.5,0.195556640625,-0.1031494140625,0.6669921875,0.998046875,-0.047637939453125,0.0208740234375,0.0274200439453125,1.0576171875
5.172539710998535,116.5625,0.26025390625,-0.18994140625,0.861328125,0.99755859375,-0.056396484375,0.021392822265625,0.035491943359375,1.0712890625
5.192602634429932,116.5625,0.1124267578125,-0.16455078125,0.7587890625,0.99755859375,-0.052734375,0.029998779296875,0.033111572265625,1.087890625
5.21304178237915,116.5,-0.1539306640625,-0.00994110107421875,0.75146484375,0.998046875,-0.0435791015625,0.032379150390625,0.026885986328125,1.103515625
5.232783317565918,116.5,-0.054290771484375,0.09014892578125,0.56298828125,0.9990234375,-0.03228759765625,0.0273590087890625,0.0218353271484375,1.1162109375
5.253283262252808,116.625,-0.2110595703125,0.2060546875,0.384765625,0.99951171875,-0.028472900390625,0.0141143798828125,0.0211334228515625,1.12890625
5.276091814041138,116.625,0.263671875,-0.319580078125,0.36865234375,0.9990234375,-0.0309906005859375,0.0010614395141601562,0.0262451171875,1.1396484375
5.295419454574585,116.6875,-0.007720947265625,-0.061767578125,0.5537109375,0.9990234375,-0.029998779296875,-0.0017213821411132812,0.024932861328125,1.1474609375
5.313153505325317,116.625,-0.103271484375,0.11962890625,0.693359375,0.99951171875,-0.02850341796875,0.0013723373413085938,0.019287109375,1.1533203125
5.332744598388672,116.6875,-0.040618896484375,0.0458984375,0.72021484375,0.99951171875,-0.0293731689453125,0.00429534912109375,0.01474761962890625,1.158203125
5.353050947189331,116.625,-0.05963134765625,-0.05010986328125,0.830078125,0.99951171875,-0.03204345703125,0.00624847412109375,0.01123046875,1.162109375
5.372789621353149,116.625,-0.06878662109375,-0.0853271484375,0.8740234375,0.99951171875,-0.032196044921875,0.0045318603515625,0.00965118408203125,1.162109375
5.393031358718872,116.6875,-0.08526611328125,-0.0472412109375,0.8232421875,0.99951171875,-0.030029296875,0.0025157928466796875,0.005451202392578125,1.1650390625
5.413022994995117,116.75,-0.006984710693359375,-0.00978851318359375,0.77001953125,0.99951171875,-0.026611328125,0.0008640289306640625,6.586313247680664e-05,1.1669921875
5.4329564571380615,116.75,0.00891876220703125,-0.04400634765625,0.818359375,0.99951171875,-0.0248565673828125,0.0014753341674804688,-0.003559112548828125,1.16796875
5.452559947967529,116.6875,-0.06072998046875,-0.02703857421875,0.8857421875,0.99951171875,-0.0233612060546875,0.004253387451171875,-0.006191253662109375,1.16796875
5.472918510437012,116.6875,-0.0195770263671875,-0.051605224609375,0.9931640625,0.99951171875,-0.0212860107421875,0.006725311279296875,-0.00792694091796875,1.1669921875
5.493026494979858,116.6875,0.0189361572265625,-0.058197021484375,1.0966796875,1.0,-0.01806640625,0.0084686279296875,-0.00849151611328125,1.1669921875
5.512772798538208,116.75,-0.033172607421875,-0.06536865234375,1.048828125,1.0,-0.0135040283203125,0.00812530517578125,-0.00934600830078125,1.1669921875
5.53300666809082,116.75,-0.03778076171875,-0.045013427734375,0.93310546875,1.0,-0.0092010498046875,0.004367828369140625,-0.01148223876953125,1.1669921875
5.553146839141846,116.75,0.036895751953125,-0.018524169921875,0.99560546875,1.0,-0.0072479248046875,0.001506805419921875,-0.01165008544921875,1.16796875
5.572738885879517,116.75,0.03790283203125,-0.036102294921875,1.1064453125,1.0,-0.00753021240234375,0.00139617919921875,-0.0099639892578125,1.169921875
5.593020677566528,116.75,0.00942230224609375,-0.0546875,0.98828125,1.0,-0.00882720947265625,-0.0020904541015625,-0.00916290283203125,1.1708984375
5.612908363342285,116.75,0.022064208984375,-0.0253143310546875,0.87353515625,1.0,-0.0094757080078125,-0.0070648193359375,-0.0098114013671875,1.1708984375
5.632425308227539,116.6875,0.0201873779296875,-0.005889892578125,0.85400390625,1.0,-0.00855255126953125,-0.00713348388671875,-0.0107879638671875,1.171875
5.652544021606445,116.6875,0.0164794921875,-0.01229095458984375,0.90234375,1.0,-0.006519317626953125,-0.0032787322998046875,-0.011993408203125,1.1708984375
5.672740936279297,116.6875,0.048126220703125,0.0012464523315429688,1.0673828125,1.0,-0.0047454833984375,0.0028057098388671875,-0.01349639892578125,1.1708984375
5.6927714347839355,116.6875,0.03814697265625,-0.01316070556640625,1.1806640625,1.0,-0.004383087158203125,0.007579803466796875,-0.0143280029296875,1.169921875
5.712963819503784,116.625,0.0032444000244140625,-0.019805908203125,1.03125,1.0,-0.004314422607421875,0.007564544677734375,-0.0163726806640625,1.169921875
5.732748985290527,116.75,-0.00847625732421875,-0.02679443359375,0.9326171875,1.0,-0.004596710205078125,0.005962371826171875,-0.0186767578125,1.169921875
5.752845525741577,116.75,-0.0389404296875,-0.01432037353515625,0.98681640625,1.0,-0.0063018798828125,0.005191802978515625,-0.01953125,1.169921875
5.772633075714111,116.75,-0.0202484130859375,-0.012451171875,1.025390625,1.0,-0.008331298828125,0.004695892333984375,-0.0196075439453125,1.169921875
5.792569637298584,116.8125,-0.01203155517578125,-0.0263671875,1.021484375,0.99951171875,-0.0095062255859375,0.004730224609375,-0.0198516845703125,1.1689453125
5.812631845474243,116.75,-0.010772705078125,-0.048004150390625,1.033203125,0.99951171875,-0.010284423828125,0.004791259765625,-0.0197601318359375,1.1728515625
5.8330066204071045,116.75,-0.045654296875,-0.050323486328125,1.0146484375,0.99951171875,-0.0098876953125,0.005466461181640625,-0.019744873046875,1.173828125
5.8527991771698,116.6875,-0.01244354248046875,-0.03656005859375,0.9931640625,0.99951171875,-0.00867462158203125,0.00466156005859375,-0.0199127197265625,1.173828125
5.872317790985107,116.6875,0.00875091552734375,-0.0220184326171875,0.9912109375,1.0,-0.0072021484375,0.0034847259521484375,-0.01934814453125,1.1748046875
5.892546892166138,116.75,-0.0160064697265625,-0.009246826171875,0.958984375,1.0,-0.00556182861328125,0.00284576416015625,-0.0190277099609375,1.1748046875
5.912827730178833,116.6875,-0.005603790283203125,0.016082763671875,0.9638671875,1.0,-0.0036602020263671875,0.00362396240234375,-0.01971435546875,1.17578125
5.933130502700806,116.75,-0.00318145751953125,-0.0154266357421875,1.05078125,1.0,-0.0025157928466796875,0.007190704345703125,-0.0204315185546875,1.1748046875
5.95357346534729,116.6875,-0.040313720703125,-0.022705078125,1.01953125,0.99951171875,-0.002017974853515625,0.00823974609375,-0.0211639404296875,1.1748046875
5.973017692565918,116.75,-0.035186767578125,-0.01311492919921875,0.92724609375,0.99951171875,-0.0019254684448242188,0.006038665771484375,-0.0218658447265625,1.1748046875
5.994952917098999,116.75,-0.006938934326171875,0.0168914794921875,0.94580078125,0.99951171875,-0.0014848709106445312,0.005519866943359375,-0.0232086181640625,1.1748046875
6.012555360794067,116.8125,-0.003902435302734375,0.0235137939453125,1.0166015625,0.99951171875,-0.0013532638549804688,0.0069427490234375,-0.02423095703125,1.1748046875
6.034514427185059,116.8125,-0.03887939453125,-0.00479888916015625,1.00390625,0.99951171875,-0.0013523101806640625,0.0091400146484375,-0.02508544921875,1.1748046875
6.055319786071777,116.8125,-0.044586181640625,0.0013017654418945312,0.9716796875,0.99951171875,-0.0005273818969726562,0.01154327392578125,-0.0265350341796875,1.173828125
6.072403907775879,116.75,-0.049285888671875,0.009918212890625,1.0087890625,0.99951171875,0.00026869773864746094,0.01364898681640625,-0.027587890625,1.173828125
6.092977046966553,116.8125,-0.045013427734375,0.01441192626953125,1.0595703125,0.99951171875,3.6716461181640625e-05,0.01385498046875,-0.027191162109375,1.173828125
6.113884687423706,116.6875,-0.02899169921875,0.005313873291015625,1.0322265625,0.99951171875,-0.0003261566162109375,0.01384735107421875,-0.0275421142578125,1.173828125
6.132697343826294,116.75,-0.04168701171875,0.0176544189453125,0.99267578125,0.99951171875,-0.0006580352783203125,0.01470184326171875,-0.0283050537109375,1.173828125
6.153662919998169,116.8125,-0.043487548828125,0.0031585693359375,0.9833984375,0.99951171875,-0.0013790130615234375,0.01451873779296875,-0.0278778076171875,1.1748046875
6.172276735305786,116.8125,-0.042449951171875,-0.0246734619140625,1.015625,0.99951171875,-0.0027484893798828125,0.01617431640625,-0.027435302734375,1.1748046875
6.193978786468506,116.8125,-0.055145263671875,-0.0164642333984375,1.0146484375,0.99951171875,-0.0042724609375,0.016357421875,-0.0270843505859375,1.1748046875
6.2134222984313965,116.75,-0.050323486328125,-0.01262664794921875,0.95556640625,0.99951171875,-0.005573272705078125,0.01535797119140625,-0.026641845703125,1.1748046875
6.233470439910889,116.75,-0.04815673828125,-0.01531982421875,0.95849609375,0.99951171875,-0.00604248046875,0.01483917236328125,-0.0263519287109375,1.1748046875
6.2538604736328125,116.6875,-0.0308837890625,-0.01198577880859375,1.0126953125,0.99951171875,-0.005680084228515625,0.0161285400390625,-0.0263671875,1.173828125
6.2723002433776855,116.6875,-0.043670654296875,-0.01532745361328125,1.0380859375,0.99951171875,-0.00559234619140625,0.017974853515625,-0.0267486572265625,1.173828125
6.292204856872559,116.6875,-0.0303955078125,-0.0256500244140625,1.0283203125,0.99951171875,-0.00614166259765625,0.0184326171875,-0.026641845703125,1.173828125
6.313266277313232,116.6875,-0.043304443359375,-0.0216827392578125,1.001953125,0.99951171875,-0.00682830810546875,0.0177764892578125,-0.0265045166015625,1.173828125
6.333173036575317,116.6875,-0.0305328369140625,-0.004901885986328125,0.98779296875,0.99951171875,-0.0073699951171875,0.0177764892578125,-0.0265350341796875,1.173828125
6.3524017333984375,116.6875,-0.04864501953125,-0.0230712890625,1.021484375,0.99951171875,-0.00797271728515625,0.018829345703125,-0.0265960693359375,1.173828125
6.372878074645996,116.6875,-0.02740478515625,-0.02264404296875,1.046875,0.99951171875,-0.008056640625,0.0199127197265625,-0.0271148681640625,1.173828125
6.3921685218811035,116.6875,-0.03887939453125,-0.029205322265625,1.0283203125,0.99951171875,-0.00799560546875,0.01904296875,-0.0271453857421875,1.173828125
6.413168430328369,116.75,-0.038909912109375,-0.039337158203125,1.0234375,0.99951171875,-0.0082550048828125,0.0197296142578125,-0.0273284912109375,1.1748046875
6.433456897735596,116.75,-0.0277252197265625,-0.018463134765625,1.0546875,0.99951171875,-0.008697509765625,0.0196685791015625,-0.0269622802734375,1.1748046875
6.452268362045288,116.8125,-0.020416259765625,-0.032623291015625,1.0537109375,0.99951171875,-0.00991058349609375,0.01806640625,-0.026397705078125,1.17578125
6.472278118133545,116.75,-0.0250396728515625,-0.031951904296875,1.0146484375,0.99951171875,-0.01189422607421875,0.01519012451171875,-0.0252838134765625,1.1767578125
6.49259614944458,116.75,-0.007602691650390625,-0.0479736328125,1.0400390625,0.99951171875,-0.01381683349609375,0.01235198974609375,-0.023590087890625,1.177734375
6.512515306472778,116.6875,-0.0065460205078125,-0.0423583984375,1.0244140625,0.99951171875,-0.01439666748046875,0.0092315673828125,-0.0223846435546875,1.1787109375
6.5326247215271,116.6875,0.00041937828063964844,-0.022491455078125,0.9580078125,0.99951171875,-0.014312744140625,0.004611968994140625,-0.0214691162109375,1.1796875
6.552875518798828,116.6875,0.0266571044921875,-0.01806640625,0.91455078125,0.99951171875,-0.01416015625,0.0014867782592773438,-0.020355224609375,1.1806640625
6.5728302001953125,116.75,0.0033512115478515625,-0.0247955322265625,1.02734375,0.99951171875,-0.01422882080078125,0.0014696121215820312,-0.01947021484375,1.181640625
6.59215521812439,116.6875,0.0167694091796875,-0.0234832763671875,1.0712890625,0.99951171875,-0.01397705078125,-0.0004725456237792969,-0.0207366943359375,1.18359375
6.612280607223511,116.75,0.0160675048828125,-0.0484619140625,0.9990234375,0.99951171875,-0.0131072998046875,-0.002788543701171875,-0.022216796875,1.1845703125
6.632845401763916,116.75,-0.021881103515625,-0.0095062255859375,0.94140625,0.99951171875,-0.011749267578125,-0.00492095947265625,-0.0240936279296875,1.1865234375
6.652624845504761,116.75,0.005870819091796875,-0.0276947021484375,0.93896484375,0.99951171875,-0.00978851318359375,-0.004688262939453125,-0.02569580078125,1.1875
6.673927545547485,116.75,-0.01396942138671875,0.004123687744140625,0.97705078125,0.99951171875,-0.007411956787109375,-0.0022144317626953125,-0.027099609375,1.1875
6.692854881286621,116.75,0.0207366943359375,-0.0170135498046875,1.068359375,0.99951171875,-0.005420684814453125,0.0007433891296386719,-0.02813720703125,1.1884765625
6.713928699493408,116.8125,0.00789642333984375,0.003265380859375,1.091796875,0.99951171875,-0.0035343170166015625,0.002498626708984375,-0.0291595458984375,1.1884765625
6.733564615249634,116.8125,0.055389404296875,0.04083251953125,1.16796875,0.99951171875,-0.002269744873046875,0.002864837646484375,-0.030487060546875,1.1865234375
6.753591299057007,116.8125,0.0019073486328125,-0.00225830078125,1.1083984375,0.99951171875,-0.0014352798461914062,-0.0005393028259277344,-0.031707763671875,1.1884765625
6.7741475105285645,116.875,0.0007023811340332031,-0.00423431396484375,0.9970703125,0.99951171875,-0.0008530616760253906,-0.006252288818359375,-0.03228759765625,1.1904296875
6.7956109046936035,116.875,-0.00559234619140625,0.005039215087890625,0.904296875,0.99951171875,0.0007624626159667969,-0.01033782958984375,-0.03179931640625,1.1923828125
6.813270330429077,116.875,0.03338623046875,-0.039642333984375,0.943359375,0.99951171875,0.0024394989013671875,-0.01177978515625,-0.029754638671875,1.1953125
6.832268476486206,116.875,-0.092041015625,-0.025726318359375,0.92333984375,0.99951171875,0.00321197509765625,-0.0103912353515625,-0.028533935546875,1.1962890625
6.8535943031311035,116.875,0.108154296875,0.08123779296875,1.015625,0.99951171875,0.005878448486328125,-0.00783538818359375,-0.031005859375,1.197265625
6.876471996307373,116.875,0.037109375,-0.0173492431640625,1.109375,0.99951171875,0.00801849365234375,-0.0020236968994140625,-0.0318603515625,1.1982421875
6.893346071243286,116.8125,0.041900634765625,0.0294342041015625,1.1669921875,0.99951171875,0.009063720703125,0.00433349609375,-0.0311126708984375,1.2001953125
6.913603067398071,116.8125,-0.00771331787109375,0.0296630859375,1.1435546875,0.99951171875,0.00940704345703125,0.007076263427734375,-0.0302581787109375,1.2021484375
6.933172225952148,116.75,-0.01050567626953125,-0.02020263671875,1.0556640625,0.99951171875,0.00885009765625,0.0045928955078125,-0.029083251953125,1.205078125
6.952526092529297,116.75,-0.0233917236328125,-0.00290679931640625,0.89404296875,0.99951171875,0.009307861328125,0.0003337860107421875,-0.02923583984375,1.2080078125
6.9727582931518555,116.6875,-0.0006361007690429688,0.039337158203125,0.8701171875,0.99951171875,0.01065826416015625,0.001018524169921875,-0.0298919677734375,1.2109375
6.99230694770813,116.6875,-0.01398468017578125,-0.012298583984375,0.99560546875,0.99951171875,0.012115478515625,0.0099029541015625,-0.02886962890625,1.212890625
7.012369632720947,116.75,-0.03961181640625,0.0377197265625,1.1357421875,0.9990234375,0.0143585205078125,0.023193359375,-0.0289459228515625,1.21484375
7.032670736312866,116.8125,-0.039398193359375,0.00843048095703125,1.1787109375,0.9990234375,0.015289306640625,0.035491943359375,-0.028350830078125,1.2177734375
7.052536249160767,116.875,-0.07666015625,0.043975830078125,1.140625,0.99853515625,0.01491546630859375,0.04498291015625,-0.02728271484375,1.2216796875
7.072236776351929,116.875,-0.1104736328125,-0.0268707275390625,1.1181640625,0.998046875,0.01409912109375,0.051788330078125,-0.0260009765625,1.2255859375
7.092268705368042,116.8125,-0.11151123046875,0.01557159423828125,1.0771484375,0.998046875,0.0135345458984375,0.056610107421875,-0.026580810546875,1.23046875
7.1123926639556885,116.8125,-0.1376953125,0.051605224609375,0.91552734375,0.99755859375,0.0157318115234375,0.060699462890625,-0.0301513671875,1.234375
7.132669925689697,116.75,-0.139404296875,0.058746337890625,0.90283203125,0.9970703125,0.0203094482421875,0.06744384765625,-0.033721923828125,1.2392578125
7.1525490283966064,116.75,-0.2039794921875,0.10595703125,0.974609375,0.99560546875,0.02593994140625,0.0819091796875,-0.037261962890625,1.2431640625
7.172833204269409,116.75,-0.1546630859375,0.029144287109375,1.1298828125,0.99365234375,0.0293426513671875,0.0994873046875,-0.040069580078125,1.2470703125
7.192072153091431,116.75,-0.2529296875,-0.0196075439453125,1.2724609375,0.99169921875,0.026123046875,0.1199951171875,-0.040618896484375,1.2509765625
7.212076187133789,116.8125,-0.195556640625,0.028350830078125,1.33984375,0.990234375,0.01959228515625,0.1324462890625,-0.040618896484375,1.255859375
7.232348442077637,116.8125,-0.1995849609375,0.0208282470703125,1.2890625,0.990234375,0.016204833984375,0.1336669921875,-0.040618896484375,1.259765625
7.252479553222656,116.8125,-0.265380859375,0.0474853515625,1.154296875,0.99169921875,0.00965118408203125,0.12078857421875,-0.039886474609375,1.2705078125
7.27206015586853,116.8125,-0.2265625,0.067626953125,0.998046875,0.99365234375,0.006378173828125,0.1063232421875,-0.04156494140625,1.279296875
7.29249382019043,116.8125,-0.12841796875,0.0303955078125,0.82373046875,0.994140625,-0.001636505126953125,0.10028076171875,-0.04498291015625,1.2890625
7.313291072845459,116.875,-0.3642578125,-0.10302734375,0.89306640625,0.9931640625,-0.01094818115234375,0.108154296875,-0.045013427734375,1.296875
7.332580089569092,116.8125,-0.4091796875,-0.1280517578125,1.0439453125,0.9912109375,-0.0172119140625,0.12213134765625,-0.046356201171875,1.3056640625
7.352568626403809,116.875,-0.2379150390625,0.0037975311279296875,1.076171875,0.98876953125,-0.0202789306640625,0.13916015625,-0.048065185546875,1.314453125
7.372522592544556,116.875,-0.376953125,-0.125,1.130859375,0.98681640625,-0.022308349609375,0.152587890625,-0.045654296875,1.3232421875
7.392276287078857,116.9375,-0.2413330078125,-0.05517578125,1.2265625,0.986328125,-0.0246124267578125,0.15625,-0.0435791015625,1.3330078125
7.41267728805542,117.0,-0.329345703125,-0.06756591796875,1.2373046875,0.98583984375,-0.02984619140625,0.1583251953125,-0.042938232421875,1.337890625
7.432392597198486,117.0,-0.328125,-0.0162506103515625,1.19921875,0.98779296875,-0.0308837890625,0.1474609375,-0.04052734375,1.35546875
7.4524993896484375,117.0,-0.4462890625,-0.057647705078125,0.86279296875,0.98876953125,-0.0310821533203125,0.141357421875,-0.0401611328125,1.361328125
7.472067594528198,116.9375,-0.356201171875,-0.145751953125,0.66064453125,0.990234375,-0.03155517578125,0.130859375,-0.0390625,1.3740234375
7.49388575553894,117.0,-0.31884765625,0.011688232421875,0.67578125,0.990234375,-0.0293426513671875,0.13037109375,-0.0411376953125,1.38671875
7.512397766113281,117.0625,-0.232177734375,0.00110626220703125,0.8779296875,0.98681640625,-0.02117919921875,0.155029296875,-0.044189453125,1.3984375
7.532497882843018,117.0625,-0.380126953125,-0.1385498046875,1.189453125,0.98486328125,-0.0186004638671875,0.1668701171875,-0.043426513671875,1.4033203125
7.55190634727478,117.0,-0.443603515625,-0.15576171875,1.458984375,0.98095703125,-0.0145416259765625,0.1883544921875,-0.04205322265625,1.4130859375
7.571989297866821,117.0,-0.36962890625,-0.0631103515625,1.30078125,0.98046875,-0.01251983642578125,0.1927490234375,-0.042083740234375,1.4248046875
7.592294692993164,116.9375,-0.306884765625,-0.05767822265625,0.998046875,0.9833984375,-0.01222991943359375,0.176025390625,-0.0439453125,1.4404296875
7.61252236366272,116.9375,-0.262451171875,0.08074951171875,0.8017578125,0.9873046875,-0.0117645263671875,0.149658203125,-0.049041748046875,1.455078125
7.6321494579315186,117.0,-0.4130859375,-0.18701171875,0.9150390625,0.990234375,-0.0128631591796875,0.129150390625,-0.051849365234375,1.4697265625
7.652436971664429,117.0,-0.27978515625,-0.005306243896484375,0.92724609375,0.9921875,-0.0156097412109375,0.114501953125,-0.049163818359375,1.4833984375
7.672032833099365,117.0625,-0.295654296875,-0.0792236328125,0.84228515625,0.9931640625,-0.0191650390625,0.10498046875,-0.04656982421875,1.4970703125
7.691829442977905,117.0625,-0.2264404296875,-0.11181640625,0.78466796875,0.99365234375,-0.0229034423828125,0.0975341796875,-0.046722412109375,1.5107421875
7.7123494148254395,117.125,-0.27294921875,-0.04071044921875,0.86962890625,0.99267578125,-0.0224761962890625,0.10711669921875,-0.051544189453125,1.529296875
7.73228645324707,117.0625,-0.4462890625,0.062164306640625,1.1611328125,0.99169921875,-0.0209503173828125,0.11431884765625,-0.053680419921875,1.5341796875
7.7519872188568115,117.0,-0.1688232421875,-0.0159149169921875,1.3369140625,0.99072265625,-0.01885986328125,0.1229248046875,-0.055816650390625,1.546875
7.772615194320679,117.0,-0.169921875,-0.17236328125,1.345703125,0.9912109375,-0.0189208984375,0.117919921875,-0.053955078125,1.5595703125
7.792428493499756,117.0625,-0.312744140625,-0.031341552734375,1.1767578125,0.9931640625,-0.020355224609375,0.10003662109375,-0.055908203125,1.5751953125
7.81174635887146,117.0625,-0.319580078125,-0.0156402587890625,0.8056640625,0.9951171875,-0.0223846435546875,0.07421875,-0.062347412109375,1.5908203125
7.832432508468628,117.125,-0.285400390625,-0.078857421875,0.640625,0.99609375,-0.0233154296875,0.051971435546875,-0.06927490234375,1.607421875
7.852447986602783,117.125,-0.402099609375,0.0634765625,0.78076171875,0.99560546875,-0.02410888671875,0.044921875,-0.075927734375,1.623046875
7.871886491775513,117.1875,-0.2125244140625,-0.0033092498779296875,0.99365234375,0.99560546875,-0.02276611328125,0.050689697265625,-0.078125,1.63671875
7.891944646835327,117.1875,-0.24365234375,0.02117919921875,1.0888671875,0.99462890625,-0.01617431640625,0.06365966796875,-0.07861328125,1.650390625
7.912412166595459,117.25,-0.22900390625,-0.06024169921875,1.244140625,0.99365234375,-0.0094146728515625,0.0771484375,-0.0792236328125,1.6640625
7.931991815567017,117.25,-0.198486328125,-0.03997802734375,1.2607421875,0.9931640625,-0.0069580078125,0.08380126953125,-0.07794189453125,1.6787109375
7.952177047729492,117.25,-0.073486328125,-0.03533935546875,1.2001953125,0.994140625,-0.00894927978515625,0.07952880859375,-0.07373046875,1.6953125
7.972464084625244,117.25,-0.12890625,-0.05712890625,1.0048828125,0.9951171875,-0.01380157470703125,0.0638427734375,-0.07135009765625,1.7119140625
7.992555618286133,117.25,-0.100830078125,-0.11444091796875,0.79443359375,0.99658203125,-0.0179443359375,0.042449951171875,-0.07183837890625,1.7294921875
8.012049913406372,117.25,-0.10675048828125,-0.07965087890625,0.7666015625,0.99658203125,-0.0225067138671875,0.02728271484375,-0.07366943359375,1.74609375
8.03253698348999,117.25,-0.28173828125,-0.061859130859375,0.81298828125,0.99658203125,-0.028167724609375,0.02227783203125,-0.0765380859375,1.76171875
8.05250096321106,117.25,-0.08050537109375,-0.0977783203125,0.99169921875,0.99609375,-0.031890869140625,0.0243988037109375,-0.08001708984375,1.7763671875
8.072045087814331,117.1875,-0.1363525390625,0.008453369140625,1.087890625,0.99560546875,-0.03509521484375,0.030303955078125,-0.08404541015625,1.7900390625
8.092274904251099,117.25,-0.0950927734375,-0.0943603515625,1.0537109375,0.99462890625,-0.04083251953125,0.028411865234375,-0.089599609375,1.8125
8.112395286560059,117.3125,-0.03131103515625,0.030548095703125,0.95166015625,0.99462890625,-0.042755126953125,0.0260162353515625,-0.08935546875,1.8203125
8.132000923156738,117.3125,-0.1611328125,-0.281494140625,0.95849609375,0.99462890625,-0.04638671875,0.021392822265625,-0.087890625,1.833984375
8.152280569076538,117.375,-0.003910064697265625,-0.05767822265625,0.89794921875,0.99462890625,-0.051361083984375,0.01152801513671875,-0.08746337890625,1.849609375
8.172521591186523,117.375,0.01322174072265625,-0.12347412109375,0.81787109375,0.99462890625,-0.059234619140625,0.0006632804870605469,-0.0858154296875,1.8642578125
8.192611694335938,117.375,-0.1126708984375,-0.117919921875,0.67919921875,0.994140625,-0.067626953125,-0.009368896484375,-0.08428955078125,1.8779296875
8.21254825592041,117.375,-0.08026123046875,-0.01230621337890625,0.57861328125,0.99365234375,-0.074951171875,-0.01389312744140625,-0.08209228515625,1.8916015625
8.231684923171997,117.4375,-0.19580078125,-0.0921630859375,0.80078125,0.99365234375,-0.07904052734375,-0.0084381103515625,-0.07879638671875,1.9033203125
8.252312660217285,117.5,0.00406646728515625,-0.11541748046875,0.8125,0.994140625,-0.077880859375,0.0035228729248046875,-0.077392578125,1.9130859375
8.271831512451172,117.5,0.06610107421875,-0.2406005859375,1.087890625,0.994140625,-0.0775146484375,0.014190673828125,-0.07635498046875,1.9228515625
8.29198431968689,117.5625,0.006061553955078125,-0.16748046875,1.08984375,0.99365234375,-0.07958984375,0.02142333984375,-0.0784912109375,1.931640625
8.312282085418701,117.5,-0.1993408203125,-0.1097412109375,1.0517578125,0.99267578125,-0.0811767578125,0.024139404296875,-0.08392333984375,1.9423828125
8.332206010818481,117.4375,-0.08074951171875,-0.012115478515625,0.681640625,0.99267578125,-0.08123779296875,0.02374267578125,-0.08746337890625,1.953125
8.351500988006592,117.4375,-0.1839599609375,-0.067626953125,0.55712890625,0.99267578125,-0.076171875,0.02484130859375,-0.08856201171875,1.962890625
8.371870756149292,117.4375,-0.11187744140625,-0.061767578125,0.78466796875,0.9931640625,-0.06768798828125,0.03369140625,-0.09002685546875,1.970703125
8.39182448387146,117.5,-0.06951904296875,-0.11376953125,1.0283203125,0.99267578125,-0.05877685546875,0.04949951171875,-0.09228515625,1.9775390625
8.412019491195679,117.5,-0.1331787109375,-0.1656494140625,1.060546875,0.99267578125,-0.051177978515625,0.0592041015625,-0.09368896484375,1.984375
8.431801557540894,117.5625,-0.224365234375,-0.10272216796875,1.033203125,0.9921875,-0.04248046875,0.06414794921875,-0.09735107421875,1.9912109375
8.451932430267334,117.5,-0.166015625,0.0021190643310546875,0.90673828125,0.9921875,-0.03546142578125,0.06512451171875,-0.10107421875,1.998046875
8.471852540969849,117.5625,-0.095947265625,-0.11932373046875,0.7607421875,0.9921875,-0.02880859375,0.06463623046875,-0.10333251953125,2.00390625
8.491984844207764,117.625,-0.1722412109375,0.021331787109375,0.724609375,0.9921875,-0.0211639404296875,0.065185546875,-0.106201171875,2.01171875
8.512174606323242,117.625,-0.044952392578125,-0.07110595703125,0.8525390625,0.99169921875,-0.01473236083984375,0.07086181640625,-0.10845947265625,2.015625
8.531981468200684,117.5625,-0.0799560546875,-0.022705078125,1.060546875,0.99072265625,-0.01030731201171875,0.0787353515625,-0.110107421875,2.021484375
8.552310228347778,117.625,-0.061676025390625,-0.000888824462890625,1.125,0.990234375,-0.006847381591796875,0.0845947265625,-0.1109619140625,2.025390625
8.571977138519287,117.625,-0.05877685546875,-0.0611572265625,1.0302734375,0.990234375,-0.00531768798828125,0.084716796875,-0.1107177734375,2.029296875
8.591946363449097,117.625,-0.10052490234375,0.01134490966796875,0.92822265625,0.99072265625,-0.0062103271484375,0.077880859375,-0.1104736328125,2.03515625
8.61229133605957,117.5625,-0.1204833984375,0.013916015625,0.88525390625,0.99169921875,-0.00959014892578125,0.06719970703125,-0.108642578125,2.041015625
8.63209319114685,117.5625,-0.050048828125,0.0035533905029296875,0.8408203125,0.99267578125,-0.01346588134765625,0.057647705078125,-0.104248046875,2.044921875
8.6519455909729,117.625,0.005840301513671875,0.007350921630859375,0.8291015625,0.99365234375,-0.0170745849609375,0.04998779296875,-0.09783935546875,2.05078125
8.672082901000977,117.625,-0.01959228515625,0.005523681640625,0.8232421875,0.99462890625,-0.0191497802734375,0.0450439453125,-0.09332275390625,2.052734375
8.691479206085205,117.625,0.0206146240234375,-0.01410675048828125,0.8603515625,0.9951171875,-0.0196685791015625,0.044036865234375,-0.0877685546875,2.056640625
8.711523532867432,117.625,-0.07647705078125,-0.06396484375,0.93115234375,0.9951171875,-0.0200958251953125,0.04522705078125,-0.0828857421875,2.060546875
8.731775522232056,117.625,-0.0203399658203125,-0.06732177734375,0.9619140625,0.99560546875,-0.02154541015625,0.049560546875,-0.0762939453125,2.064453125
8.75260615348816,117.6875,0.05657958984375,-0.119384765625,1.0048828125,0.99609375,-0.02362060546875,0.0545654296875,-0.06878662109375,2.064453125
8.771902799606323,117.625,-0.0027599334716796875,-0.09783935546875,1.083984375,0.99609375,-0.02606201171875,0.056884765625,-0.0634765625,2.064453125
8.791947603225708,117.625,-0.0267791748046875,-0.0751953125,1.1005859375,0.99609375,-0.0269775390625,0.055877685546875,-0.061187744140625,2.068359375
8.812358856201172,117.625,-0.01538848876953125,-0.06439208984375,0.9609375,0.99658203125,-0.02764892578125,0.05035400390625,-0.05950927734375,2.0703125
8.832161903381348,117.625,0.0009002685546875,-0.14501953125,0.87060546875,0.9970703125,-0.0280609130859375,0.041107177734375,-0.058074951171875,2.072265625
8.85139775276184,117.6875,-0.0897216796875,-0.028778076171875,0.8837890625,0.9970703125,-0.0298919677734375,0.036285400390625,-0.05670166015625,2.076171875
8.87197756767273,117.6875,-0.0850830078125,0.00672149658203125,0.8525390625,0.99755859375,-0.03125,0.0301666259765625,-0.056488037109375,2.078125
8.891700267791748,117.6875,0.018798828125,-0.07513427734375,0.83447265625,0.99755859375,-0.03228759765625,0.0266265869140625,-0.05523681640625,2.078125
8.9118070602417,117.6875,-0.01378631591796875,-0.09686279296875,1.00390625,0.99755859375,-0.031951904296875,0.02850341796875,-0.0545654296875,2.080078125
8.932076215744019,117.6875,-0.051666259765625,-0.06134033203125,1.123046875,0.99755859375,-0.0298919677734375,0.033843994140625,-0.055755615234375,2.080078125
8.952851295471191,117.6875,-0.016082763671875,-0.053192138671875,0.9853515625,0.99755859375,-0.028167724609375,0.03436279296875,-0.05712890625,2.080078125
8.971887350082397,117.75,0.0238494873046875,-0.046661376953125,0.87451171875,0.99755859375,-0.0274658203125,0.0293426513671875,-0.057098388671875,2.08203125
8.992049932479858,117.6875,-0.001094818115234375,-0.054473876953125,0.84423828125,0.99755859375,-0.02667236328125,0.0267181396484375,-0.056121826171875,2.08203125
9.01266360282898,117.6875,-0.0775146484375,-0.04913330078125,0.8486328125,0.998046875,-0.0254974365234375,0.0267486572265625,-0.05462646484375,2.08203125
9.032039165496826,117.625,-0.084228515625,-0.04840087890625,0.88427734375,0.998046875,-0.0243377685546875,0.029815673828125,-0.0531005859375,2.08203125
9.051365852355957,117.625,-0.0665283203125,-0.057220458984375,0.97412109375,0.99755859375,-0.0220489501953125,0.03863525390625,-0.05218505859375,2.072265625
9.071692705154419,117.625,0.0016231536865234375,-0.032470703125,1.015625,0.99755859375,-0.0192413330078125,0.047271728515625,-0.052093505859375,2.0703125
9.091435194015503,117.625,-0.020355224609375,-0.0858154296875,1.046875,0.9970703125,-0.0163726806640625,0.05560302734375,-0.052764892578125,2.068359375
9.112045526504517,117.625,0.0709228515625,-0.111328125,0.9765625,0.99658203125,-0.0151519775390625,0.059051513671875,-0.05194091796875,2.06640625
9.131560564041138,117.625,-0.0154571533203125,-0.07940673828125,1.02734375,0.9970703125,-0.0167388916015625,0.059539794921875,-0.04998779296875,2.064453125
9.151389360427856,117.625,-0.06658935546875,0.00821685791015625,1.0849609375,0.9970703125,-0.0189361572265625,0.0584716796875,-0.048065185546875,2.0625
9.171646118164062,117.625,-0.04071044921875,-0.030181884765625,1.06640625,0.9970703125,-0.020416259765625,0.056060791015625,-0.04705810546875,2.060546875
9.191874265670776,117.625,0.033966064453125,-0.06085205078125,1.013671875,0.99755859375,-0.020416259765625,0.052032470703125,-0.046295166015625,2.060546875
9.21201491355896,117.5625,-0.003925323486328125,-0.068603515625,1.1376953125,0.99755859375,-0.0202789306640625,0.048614501953125,-0.045867919921875,2.06640625
9.231462478637695,117.625,0.0177764892578125,-0.05828857421875,1.1767578125,0.99755859375,-0.01910400390625,0.0469970703125,-0.04571533203125,2.068359375
9.25141954421997,117.625,0.016845703125,-0.039093017578125,1.111328125,0.998046875,-0.0179595947265625,0.041473388671875,-0.045440673828125,2.068359375
9.271380424499512,117.5625,-0.06219482421875,-0.0084228515625,0.916015625,0.99853515625,-0.017425537109375,0.031982421875,-0.04449462890625,2.068359375
9.291486740112305,117.6875,-0.040130615234375,-0.038787841796875,0.8994140625,0.99853515625,-0.0165557861328125,0.023651123046875,-0.044403076171875,2.0703125
9.31176209449768,117.625,-0.0256195068359375,-0.03021240234375,0.96826171875,0.99853515625,-0.01454925537109375,0.023773193359375,-0.04638671875,2.064453125
9.333540201187134,117.5625,-0.03875732421875,-0.02325439453125,0.994140625,0.99853515625,-0.01241302490234375,0.0259552001953125,-0.049041748046875,2.0625
9.352031946182251,117.5,-0.0596923828125,-0.032928466796875,1.0302734375,0.998046875,-0.01042938232421875,0.028228759765625,-0.050689697265625,2.0625
9.372003078460693,117.5,-0.061614990234375,-0.0474853515625,1.0703125,0.998046875,-0.00865936279296875,0.0310516357421875,-0.05206298828125,2.060546875
9.391464233398438,117.5625,-0.052490234375,-0.07916259765625,1.0703125,0.998046875,-0.007320404052734375,0.03375244140625,-0.05340576171875,2.060546875
9.41157603263855,117.625,-0.0625,-0.051666259765625,1.0,0.998046875,-0.007244110107421875,0.034881591796875,-0.054595947265625,2.060546875
9.432342767715454,117.625,-0.06561279296875,-0.0269012451171875,0.94775390625,0.99755859375,-0.0080413818359375,0.035125732421875,-0.05596923828125,2.060546875
9.451684474945068,117.5625,-0.102294921875,-0.00519561767578125,0.94921875,0.99755859375,-0.00893402099609375,0.0367431640625,-0.05731201171875,2.060546875
9.471390962600708,117.5625,-0.10479736328125,0.011688232421875,0.99853515625,0.99755859375,-0.00982666015625,0.040374755859375,-0.0582275390625,2.060546875
9.491518259048462,117.5625,-0.098388671875,-0.0025310516357421875,1.0458984375,0.9970703125,-0.0111541748046875,0.04351806640625,-0.057861328125,2.060546875
9.511718034744263,117.5,-0.09063720703125,-0.0233612060546875,1.0,0.99755859375,-0.01221466064453125,0.04449462890625,-0.056640625,2.060546875
9.531452178955078,117.5,-0.1107177734375,-0.0135955810546875,0.98193359375,0.99755859375,-0.01335906982421875,0.043914794921875,-0.055328369140625,2.060546875
9.551397562026978,117.5,-0.095703125,-0.0301361083984375,1.0048828125,0.99755859375,-0.0145721435546875,0.04315185546875,-0.05352783203125,2.060546875
9.571619510650635,117.5,-0.094970703125,-0.03857421875,0.9921875,0.99755859375,-0.01491546630859375,0.042327880859375,-0.05230712890625,2.060546875
9.591870546340942,117.5,-0.07940673828125,-0.06414794921875,0.96240234375,0.99755859375,-0.014862060546875,0.040679931640625,-0.051788330078125,2.060546875
9.611955404281616,117.5,-0.07867431640625,-0.040283203125,0.9892578125,0.99755859375,-0.01509857177734375,0.03973388671875,-0.0516357421875,2.060546875
9.631544828414917,117.5625,-0.054534912109375,-0.02783203125,1.0224609375,0.99755859375,-0.01544189453125,0.039215087890625,-0.051361083984375,2.060546875
9.65177607536316,117.625,-0.064208984375,-0.02886962890625,0.96923828125,0.998046875,-0.0152587890625,0.03851318359375,-0.051239013671875,2.05859375
9.672213554382324,117.625,-0.056793212890625,-0.0626220703125,0.974609375,0.998046875,-0.01468658447265625,0.037933349609375,-0.05108642578125,2.064453125
9.691716194152832,117.625,-0.03662109375,-0.065673828125,1.0146484375,0.998046875,-0.01393890380859375,0.0391845703125,-0.050933837890625,2.0625
9.7119882106781,117.625,-0.06378173828125,-0.01514434814453125,1.0185546875,0.99755859375,-0.013824462890625,0.040557861328125,-0.051300048828125,2.064453125
9.731340646743774,117.625,-0.08905029296875,-0.0021610260009765625,0.9970703125,0.99755859375,-0.01418304443359375,0.0411376953125,-0.051513671875,2.06640625
9.751417636871338,117.625,-0.0513916015625,-0.0193023681640625,1.009765625,0.99755859375,-0.01467132568359375,0.041412353515625,-0.0513916015625,2.06640625
9.771580934524536,117.6875,-0.0579833984375,-0.045867919921875,1.0166015625,0.99755859375,-0.01432037353515625,0.04254150390625,-0.050933837890625,2.068359375
9.791522979736328,117.75,-0.10736083984375,-0.040679931640625,0.9921875,0.99755859375,-0.01328277587890625,0.0433349609375,-0.050811767578125,2.068359375
9.811931133270264,117.6875,-0.09722900390625,-0.0210113525390625,0.97802734375,0.99755859375,-0.01239776611328125,0.04425048828125,-0.05157470703125,2.068359375
9.831348896026611,117.625,-0.08648681640625,-0.0443115234375,0.99072265625,0.99755859375,-0.011566162109375,0.045196533203125,-0.05242919921875,2.0703125
9.851465940475464,117.625,-0.1129150390625,0.0059814453125,1.0126953125,0.99755859375,-0.0106658935546875,0.047393798828125,-0.05352783203125,2.06640625
9.871718406677246,117.625,-0.11279296875,0.0013036727905273438,0.99951171875,0.99755859375,-0.00969696044921875,0.04766845703125,-0.05462646484375,2.064453125
9.891993045806885,117.6875,-0.09912109375,-0.022796630859375,0.96337890625,0.9970703125,-0.008544921875,0.047271728515625,-0.0557861328125,2.0625
9.911659479141235,117.625,-0.14501953125,-0.047607421875,0.9619140625,0.9970703125,-0.00745391845703125,0.046600341796875,-0.0560302734375,2.0625
9.931450843811035,117.625,-0.16796875,-0.027130126953125,1.025390625,0.9970703125,-0.00655364990234375,0.04669189453125,-0.056976318359375,2.0625
9.951586246490479,117.625,-0.1044921875,-0.0174407958984375,1.060546875,0.9970703125,-0.005706787109375,0.046539306640625,-0.0582275390625,2.060546875
9.97177529335022,117.6875,-0.043975830078125,-0.0252838134765625,1.0,0.9970703125,-0.004955291748046875,0.0440673828125,-0.05938720703125,2.0625
9.991988182067871,117.75,-0.0665283203125,0.00710296630859375,0.9267578125,0.9970703125,-0.003875732421875,0.040924072265625,-0.060943603515625,2.0625
10.011560440063477,117.6875,-0.0916748046875,0.021392822265625,0.9365234375,0.9970703125,-0.0026645660400390625,0.039947509765625,-0.061767578125,2.0625
10.03140377998352,117.6875,-0.0811767578125,-0.006805419921875,1.0361328125,0.9970703125,-0.0009198188781738281,0.040313720703125,-0.061279296875,2.0625
10.0527925491333,117.6875,-0.0634765625,-0.026763916015625,1.0673828125,0.9970703125,0.0005931854248046875,0.0416259765625,-0.060272216796875,2.0625
10.071353912353516,117.6875,-0.09466552734375,-0.01490020751953125,1.00390625,0.99755859375,0.002048492431640625,0.0406494140625,-0.059661865234375,2.0625
10.091370105743408,117.6875,-0.095703125,0.0014829635620117188,0.97265625,0.99755859375,0.002727508544921875,0.039031982421875,-0.0587158203125,2.0625
10.111523866653442,117.625,-0.0789794921875,0.01169586181640625,0.998046875,0.99755859375,0.0032901763916015625,0.03851318359375,-0.05767822265625,2.0625
10.131826877593994,117.625,-0.08123779296875,-0.0226593017578125,1.01953125,0.99755859375,0.00461578369140625,0.0384521484375,-0.057281494140625,2.0625
10.151264429092407,117.625,-0.0736083984375,-0.035247802734375,0.98779296875,0.99755859375,0.005702972412109375,0.0390625,-0.056915283203125,2.060546875
10.17284607887268,117.625,-0.0714111328125,-0.0073699951171875,0.974609375,0.99755859375,0.0059051513671875,0.038848876953125,-0.057037353515625,2.060546875
10.191369771957397,117.6875,-0.092529296875,0.0198516845703125,1.021484375,0.99755859375,0.00555419921875,0.03961181640625,-0.056915283203125,2.05859375
10.211504459381104,117.6875,-0.09722900390625,0.0260772705078125,1.029296875,0.99755859375,0.0054168701171875,0.0399169921875,-0.056671142578125,2.05859375
10.232076406478882,117.75,-0.09490966796875,0.006855010986328125,0.99365234375,0.99755859375,0.005352020263671875,0.03887939453125,-0.055999755859375,2.05859375
10.251991748809814,117.625,-0.08990478515625,-0.00910186767578125,0.962890625,0.99755859375,0.00507354736328125,0.037445068359375,-0.055572509765625,2.05859375
10.271395444869995,117.75,-0.0811767578125,0.0028667449951171875,0.990234375,0.99755859375,0.004695892333984375,0.037384033203125,-0.05584716796875,2.05859375
10.291653394699097,117.6875,-0.0657958984375,0.0081939697265625,1.04296875,0.99755859375,0.003978729248046875,0.0374755859375,-0.055908203125,2.060546875
10.311509609222412,117.6875,-0.08697509765625,0.004016876220703125,1.0126953125,0.99755859375,0.003353118896484375,0.037322998046875,-0.055938720703125,2.0625
10.331997156143188,117.75,-0.08294677734375,0.010711669921875,0.96142578125,0.99755859375,0.00315093994140625,0.036285400390625,-0.0557861328125,2.064453125
10.352001905441284,117.6875,-0.060089111328125,0.001987457275390625,0.96923828125,0.99755859375,0.003032684326171875,0.036102294921875,-0.055511474609375,2.064453125
10.371891975402832,117.6875,-0.0787353515625,0.003692626953125,1.017578125,0.99755859375,0.0026836395263671875,0.037139892578125,-0.0548095703125,2.06640625
10.391555786132812,117.6875,-0.0733642578125,0.007312774658203125,1.0498046875,0.99755859375,0.00250244140625,0.03814697265625,-0.054412841796875,2.06640625
10.411640405654907,117.625,-0.05535888671875,-0.006153106689453125,1.005859375,0.998046875,0.0026111602783203125,0.0374755859375,-0.054534912109375,2.06640625
10.432061195373535,117.6875,-0.058837890625,0.008636474609375,0.96044921875,0.998046875,0.0029010772705078125,0.036651611328125,-0.05499267578125,2.06640625
10.452073335647583,117.6875,-0.04949951171875,0.0137481689453125,0.97509765625,0.99755859375,0.0032672882080078125,0.037078857421875,-0.05572509765625,2.06640625
10.471656084060669,117.625,-0.0310211181640625,0.0106658935546875,1.0224609375,0.99755859375,0.004169464111328125,0.03985595703125,-0.056976318359375,2.06640625
10.49174451828003,117.625,-0.04278564453125,0.0146942138671875,1.0537109375,0.9970703125,0.006015777587890625,0.04339599609375,-0.058685302734375,2.06640625
10.512084484100342,117.625,-0.03363037109375,0.0244598388671875,1.0625,0.9970703125,0.00904083251953125,0.047637939453125,-0.060821533203125,2.0625
10.531526327133179,117.6875,-0.04022216796875,0.0152435302734375,1.0244140625,0.99658203125,0.012481689453125,0.04901123046875,-0.0633544921875,2.0625
10.5515775680542,117.625,-0.0355224609375,0.020965576171875,0.98583984375,0.99658203125,0.016876220703125,0.0494384765625,-0.06634521484375,2.0625
10.572107315063477,117.625,-0.06610107421875,0.08416748046875,1.0166015625,0.99609375,0.020751953125,0.051513671875,-0.06976318359375,2.0625
10.591268062591553,117.625,-0.027435302734375,0.089599609375,1.0419921875,0.99560546875,0.0234527587890625,0.053985595703125,-0.0721435546875,2.0625
10.611463785171509,117.625,-0.023101806640625,0.04205322265625,1.0234375,0.99560546875,0.0251617431640625,0.0555419921875,-0.072021484375,2.0625
10.631892919540405,117.5625,-0.035797119140625,0.03338623046875,1.0185546875,0.99560546875,0.0260467529296875,0.056854248046875,-0.07208251953125,2.064453125
10.652066707611084,117.625,-0.05682373046875,0.044189453125,1.0732421875,0.9951171875,0.026702880859375,0.05950927734375,-0.0718994140625,2.0625
10.672298192977905,117.6875,-0.042938232421875,0.07177734375,1.1142578125,0.99560546875,0.026885986328125,0.059600830078125,-0.0704345703125,2.064453125
10.691503286361694,117.6875,-0.015167236328125,0.042633056640625,1.0361328125,0.99560546875,0.0279083251953125,0.05511474609375,-0.0689697265625,2.064453125
10.711693525314331,117.6875,0.00594329833984375,0.03399658203125,0.89599609375,0.99609375,0.0285491943359375,0.047637939453125,-0.06719970703125,2.06640625
10.732147216796875,117.6875,-0.0292510986328125,0.053375244140625,0.88671875,0.99658203125,0.0284576416015625,0.043487548828125,-0.065185546875,2.068359375
10.751297235488892,117.6875,-0.07977294921875,0.07574462890625,1.0087890625,0.99658203125,0.0286407470703125,0.0440673828125,-0.06365966796875,2.068359375
10.771753072738647,117.6875,-0.051513671875,0.0389404296875,0.98876953125,0.99658203125,0.0295257568359375,0.044586181640625,-0.06280517578125,2.068359375
10.79140043258667,117.6875,-0.060089111328125,0.0304107666015625,0.90625,0.99658203125,0.0299072265625,0.042449951171875,-0.0628662109375,2.0703125
10.811603546142578,117.6875,-0.10498046875,0.060791015625,0.94873046875,0.99658203125,0.0297698974609375,0.043426513671875,-0.06268310546875,2.0703125
10.831933975219727,117.6875,-0.097412109375,0.07373046875,1.0556640625,0.99658203125,0.0295562744140625,0.0465087890625,-0.063720703125,2.0703125
10.851358890533447,117.625,-0.06927490234375,0.028472900390625,0.99951171875,0.99658203125,0.0293121337890625,0.045318603515625,-0.0633544921875,2.072265625
10.8715980052948,117.625,-0.0750732421875,0.0312042236328125,0.93359375,0.99658203125,0.0289154052734375,0.04046630859375,-0.0643310546875,2.072265625
10.891565561294556,117.6875,-0.047943115234375,0.035552978515625,0.947265625,0.99658203125,0.02783203125,0.0372314453125,-0.06549072265625,2.072265625
10.911395072937012,117.6875,-0.0430908203125,0.0335693359375,1.0009765625,0.9970703125,0.02667236328125,0.034393310546875,-0.06646728515625,2.072265625
10.931912660598755,117.75,-0.04736328125,0.044403076171875,1.0166015625,0.9970703125,0.025909423828125,0.028564453125,-0.0672607421875,2.072265625
10.951423645019531,117.6875,-0.055267333984375,0.0175628662109375,0.9404296875,0.9970703125,0.024810791015625,0.018829345703125,-0.06683349609375,2.072265625
10.97185468673706,117.6875,-0.08599853515625,0.052337646484375,0.8525390625,0.99755859375,0.023162841796875,0.00959014892578125,-0.06689453125,2.072265625
10.991780757904053,117.6875,0.00450897216796875,0.02215576171875,0.85546875,0.99755859375,0.021575927734375,0.00438690185546875,-0.0672607421875,2.0703125
11.01082444190979,117.6875,-0.0182647705078125,0.00870513916015625,0.935546875,0.99755859375,0.020416259765625,0.0024890899658203125,-0.06689453125,2.0703125
11.031602621078491,117.6875,-0.0007305145263671875,0.01471710205078125,1.0302734375,0.99755859375,0.01934814453125,-0.00046563148498535156,-0.06695556640625,2.0703125
11.051609516143799,117.625,0.055938720703125,0.007205963134765625,0.99169921875,0.99755859375,0.0181121826171875,-0.006664276123046875,-0.06640625,2.068359375
11.071025133132935,117.6875,0.1175537109375,0.00463104248046875,0.95458984375,0.99755859375,0.0165863037109375,-0.0149688720703125,-0.066162109375,2.068359375
11.091742992401123,117.75,0.1573486328125,0.033172607421875,0.95263671875,0.99755859375,0.01508331298828125,-0.022735595703125,-0.0660400390625,2.064453125
11.111802339553833,117.6875,0.1016845703125,0.01727294921875,0.8720703125,0.9970703125,0.0137176513671875,-0.0323486328125,-0.0670166015625,2.0625
11.131385326385498,117.6875,0.0926513671875,-0.003833770751953125,0.79052734375,0.99658203125,0.01064300537109375,-0.04193115234375,-0.06744384765625,2.05859375
11.151750326156616,117.625,0.08880615234375,0.03369140625,0.81494140625,0.99658203125,0.005916595458984375,-0.0487060546875,-0.06781005859375,2.05859375
11.171998739242554,117.625,0.126220703125,0.042755126953125,0.9052734375,0.99658203125,0.001323699951171875,-0.0506591796875,-0.068115234375,2.0546875
11.19178295135498,117.5,0.176513671875,-0.00623321533203125,0.89697265625,0.99609375,-0.0012941360473632812,-0.051483154296875,-0.068603515625,2.05078125
11.211981534957886,117.5,0.1708984375,0.008880615234375,0.8642578125,0.99609375,-0.0015592575073242188,-0.054473876953125,-0.07037353515625,2.046875
11.231381177902222,117.5,0.0091400146484375,0.002468109130859375,0.958984375,0.99560546875,-0.0015964508056640625,-0.05767822265625,-0.07122802734375,2.041015625
11.25135064125061,117.5,-0.039215087890625,-0.0013828277587890625,0.95654296875,0.99560546875,-0.0019969940185546875,-0.06243896484375,-0.071533203125,2.0390625
11.271494388580322,117.5625,0.0193634033203125,-0.0174560546875,0.83251953125,0.9951171875,-0.0036945343017578125,-0.06610107421875,-0.07275390625,2.033203125
11.291969776153564,117.5625,0.1373291015625,0.0038013458251953125,0.82763671875,0.9951171875,-0.005523681640625,-0.0660400390625,-0.07391357421875,2.02734375
11.310709714889526,117.625,0.169677734375,0.0234375,0.9267578125,0.9951171875,-0.00738525390625,-0.06268310546875,-0.0745849609375,2.015625
11.332040786743164,117.625,0.16357421875,-0.0010480880737304688,0.97607421875,0.9951171875,-0.01018524169921875,-0.06549072265625,-0.07196044921875,2.0078125
11.351640224456787,117.625,0.12445068359375,-0.0016050338745117188,0.9462890625,0.99462890625,-0.01195526123046875,-0.07183837890625,-0.0703125,2.0
11.371851444244385,117.625,0.039093017578125,0.05694580078125,0.96337890625,0.99462890625,-0.0121307373046875,-0.076416015625,-0.06982421875,1.9970703125
11.39132571220398,117.6875,0.0264739990234375,0.0533447265625,0.94970703125,0.994140625,-0.01114654541015625,-0.08197021484375,-0.0694580078125,1.9892578125
11.410785436630249,117.625,0.10479736328125,-0.006603240966796875,0.78173828125,0.99365234375,-0.00952911376953125,-0.08734130859375,-0.0679931640625,1.9814453125
11.431949138641357,117.625,0.232177734375,-0.03289794921875,0.63720703125,0.99365234375,-0.00916290283203125,-0.0926513671875,-0.06500244140625,1.9736328125
11.451345205307007,117.625,0.1995849609375,-0.00817108154296875,0.80908203125,0.99365234375,-0.01009368896484375,-0.092529296875,-0.0609130859375,1.96484375
11.471882104873657,117.625,0.06768798828125,0.026458740234375,1.0634765625,0.99462890625,-0.01061248779296875,-0.0855712890625,-0.0555419921875,1.9541015625
11.491358995437622,117.625,0.05206298828125,-0.0266571044921875,1.0751953125,0.99560546875,-0.00858306884765625,-0.0772705078125,-0.051605224609375,1.9443359375
11.51194429397583,117.625,0.1717529296875,-0.00748443603515625,0.82861328125,0.99609375,-0.006046295166015625,-0.0728759765625,-0.049713134765625,1.9345703125
11.532104730606079,117.5625,0.1767578125,0.01102447509765625,0.82568359375,0.99658203125,-0.00623321533203125,-0.0706787109375,-0.04638671875,1.9248046875
11.55186653137207,117.625,-0.00665283203125,0.05560302734375,0.96630859375,0.9970703125,-0.005260467529296875,-0.062042236328125,-0.041168212890625,1.9140625
11.571347713470459,117.6875,-0.08551025390625,0.04547119140625,1.1123046875,0.998046875,-0.0015821456909179688,-0.048065185546875,-0.035247802734375,1.90234375
11.590760707855225,117.5625,0.142578125,-0.09906005859375,0.9970703125,0.9990234375,0.0014190673828125,-0.037261962890625,-0.029205322265625,1.8916015625
11.61079454421997,117.5625,0.1448974609375,0.00380706787109375,0.92041015625,0.9990234375,0.0029697418212890625,-0.03204345703125,-0.026763916015625,1.8818359375
11.631871938705444,117.5625,-0.033599853515625,0.156005859375,0.99658203125,0.99951171875,0.004405975341796875,-0.0249786376953125,-0.025054931640625,1.873046875
11.651863813400269,117.5625,-0.1602783203125,0.20263671875,1.09375,0.99951171875,0.00928497314453125,-0.01479339599609375,-0.022216796875,1.8603515625
11.671354055404663,117.5,-0.1468505859375,-0.0479736328125,1.1025390625,0.99951171875,0.01512908935546875,-0.0105133056640625,-0.0197296142578125,1.849609375
11.69168996810913,117.5,0.08392333984375,-0.13818359375,1.0009765625,0.99951171875,0.016143798828125,-0.012908935546875,-0.017120361328125,1.83984375
11.711274147033691,117.4375,0.1575927734375,0.0278778076171875,0.9736328125,0.99951171875,0.0126190185546875,-0.017974853515625,-0.0173187255859375,1.828125
11.730595588684082,117.4375,0.0237579345703125,0.11138916015625,0.93798828125,0.99951171875,0.01194000244140625,-0.0202484130859375,-0.018951416015625,1.8173828125
11.751860857009888,117.5,-0.10137939453125,0.11383056640625,0.9189453125,0.99951171875,0.0145721435546875,-0.0181427001953125,-0.02105712890625,1.806640625
11.770668983459473,117.4375,-0.01934814453125,-0.020050048828125,0.95556640625,0.99951171875,0.017303466796875,-0.0128021240234375,-0.0238189697265625,1.7958984375
11.790751934051514,117.375,-0.0360107421875,-0.06695556640625,1.095703125,0.99951171875,0.017181396484375,-0.005031585693359375,-0.0267181396484375,1.7841796875
11.811874389648438,117.375,-0.09344482421875,-0.01479339599609375,1.150390625,0.99951171875,0.0123291015625,0.0030307769775390625,-0.029937744140625,1.7724609375
11.83192777633667,117.4375,0.026641845703125,0.006732940673828125,1.0693359375,0.99951171875,0.006084442138671875,0.0102386474609375,-0.0355224609375,1.7626953125
11.8516845703125,117.4375,0.00682830810546875,0.060546875,0.966796875,0.9990234375,0.0008244514465332031,0.0157928466796875,-0.04119873046875,1.751953125
11.871584415435791,117.4375,0.0147705078125,-0.05352783203125,0.95849609375,0.9990234375,-0.0024433135986328125,0.019134521484375,-0.045257568359375,1.7421875
11.894296884536743,117.4375,0.039154052734375,-0.08709716796875,1.08203125,0.99853515625,-0.00789642333984375,0.0182952880859375,-0.0477294921875,1.73046875
11.910723686218262,117.4375,-0.1346435546875,0.0298309326171875,1.111328125,0.99853515625,-0.014892578125,0.0132598876953125,-0.05145263671875,1.720703125
11.930619716644287,117.4375,-0.17724609375,0.078125,0.94287109375,0.998046875,-0.021270751953125,0.00533294677734375,-0.05450439453125,1.7080078125
11.951894044876099,117.4375,-0.102294921875,0.06817626953125,0.77978515625,0.998046875,-0.02398681640625,0.0004181861877441406,-0.05706787109375,1.697265625
11.970751285552979,117.375,-0.040283203125,-0.02203369140625,0.83837890625,0.998046875,-0.023590087890625,0.00341796875,-0.056976318359375,1.6865234375
11.991984367370605,117.375,-0.09344482421875,-0.08587646484375,0.94384765625,0.998046875,-0.0214691162109375,0.01239776611328125,-0.053680419921875,1.6748046875
12.01061201095581,117.375,-0.07659912109375,-0.07965087890625,1.0224609375,0.998046875,-0.021392822265625,0.0246734619140625,-0.052154541015625,1.662109375
12.03191328048706,117.3125,-0.050384521484375,-0.00917816162109375,1.1015625,0.99755859375,-0.0222625732421875,0.03460693359375,-0.0528564453125,1.6513671875
12.051376342773438,117.3125,-0.0355224609375,0.01151275634765625,1.1318359375,0.99755859375,-0.0223541259765625,0.037841796875,-0.054351806640625,1.640625
12.071808338165283,117.3125,-0.07562255859375,-0.041595458984375,1.08984375,0.99755859375,-0.0222320556640625,0.035430908203125,-0.05535888671875,1.6298828125
12.091859102249146,117.3125,-0.1611328125,-0.09283447265625,1.1142578125,0.99755859375,-0.023345947265625,0.03240966796875,-0.057952880859375,1.6201171875
12.11163854598999,117.375,-0.1358642578125,-0.09942626953125,0.94482421875,0.99755859375,-0.024749755859375,0.0257568359375,-0.0625,1.6103515625
12.131122589111328,117.375,-0.06341552734375,0.00919342041015625,0.8115234375,0.9970703125,-0.0274810791015625,0.0214996337890625,-0.0662841796875,1.6005859375
12.151360988616943,117.375,0.00860595703125,-0.11639404296875,0.80078125,0.9970703125,-0.029327392578125,0.022491455078125,-0.0684814453125,1.5888671875
12.171655654907227,117.25,-0.07159423828125,-0.0699462890625,0.95703125,0.99658203125,-0.02996826171875,0.031494140625,-0.0706787109375,1.5771484375
12.190371036529541,117.25,-0.134765625,-0.06427001953125,1.1123046875,0.99609375,-0.03167724609375,0.04083251953125,-0.07049560546875,1.56640625
12.211528062820435,117.25,-0.053802490234375,0.0006079673767089844,1.0224609375,0.99609375,-0.035491943359375,0.044708251953125,-0.0667724609375,1.5546875
12.231765747070312,117.25,0.046844482421875,-0.01690673828125,0.94580078125,0.99609375,-0.040191650390625,0.045654296875,-0.06060791015625,1.5439453125
12.251654148101807,117.25,-0.0772705078125,-0.04351806640625,1.0078125,0.99658203125,-0.043609619140625,0.04119873046875,-0.05474853515625,1.5322265625
12.270508050918579,117.1875,-0.138671875,-0.11785888671875,1.078125,0.9970703125,-0.044403076171875,0.038848876953125,-0.049224853515625,1.5205078125
12.29155969619751,117.1875,-0.0772705078125,-0.0911865234375,1.095703125,0.9970703125,-0.043487548828125,0.037109375,-0.04583740234375,1.509765625
12.311654090881348,117.125,-0.05419921875,-0.10650634765625,0.95068359375,0.998046875,-0.040313720703125,0.0308380126953125,-0.04107666015625,1.4990234375
12.330863952636719,117.125,-0.045074462890625,-0.148193359375,0.8740234375,0.998046875,-0.03857421875,0.0243988037109375,-0.037445068359375,1.4873046875
12.351653575897217,117.125,0.031402587890625,-0.07257080078125,0.8798828125,0.99853515625,-0.039825439453125,0.0212249755859375,-0.03631591796875,1.4765625
12.371954441070557,117.125,-0.08355712890625,-0.0184326171875,0.97607421875,0.99853515625,-0.042327880859375,0.019927978515625,-0.03424072265625,1.46484375
12.39076042175293,117.125,-0.0301055908203125,-0.054229736328125,1.0048828125,0.99853515625,-0.041839599609375,0.019683837890625,-0.030731201171875,1.4521484375
12.411798477172852,117.125,-0.11480712890625,-0.130126953125,1.021484375,0.99853515625,-0.038482666015625,0.0214080810546875,-0.0271759033203125,1.4404296875
12.430468559265137,117.125,-0.01422119140625,-0.1324462890625,1.0185546875,0.99853515625,-0.036102294921875,0.027374267578125,-0.0280609130859375,1.4296875
12.451786756515503,117.125,-0.06109619140625,-0.0694580078125,1.03515625,0.99853515625,-0.0379638671875,0.0304718017578125,-0.031219482421875,1.41796875
12.471428632736206,117.125,0.0677490234375,-0.0792236328125,0.96142578125,0.998046875,-0.0443115234375,0.031097412109375,-0.0295562744140625,1.40625
12.491621971130371,117.125,-0.08282470703125,-0.09912109375,0.9892578125,0.998046875,-0.048675537109375,0.0296478271484375,-0.0258331298828125,1.3955078125
12.512542009353638,117.0625,-0.032257080078125,-0.095458984375,1.0703125,0.99853515625,-0.046417236328125,0.026092529296875,-0.02154541015625,1.3837890625
12.53207802772522,117.0625,-0.10986328125,-0.103759765625,1.1240234375,0.99853515625,-0.041595458984375,0.02325439453125,-0.0179595947265625,1.373046875
12.550638914108276,117.0,-0.07421875,-0.1297607421875,1.18359375,0.9990234375,-0.0408935546875,0.018646240234375,-0.0158538818359375,1.36328125
12.570470333099365,116.9375,-0.03692626953125,-0.10565185546875,1.14453125,0.9990234375,-0.041961669921875,0.014190673828125,-0.0135650634765625,1.3525390625
12.59060788154602,117.0,-0.0279388427734375,-0.042327880859375,1.1279296875,0.9990234375,-0.04058837890625,0.0101318359375,-0.0114898681640625,1.34375
12.612611293792725,116.9375,-0.1329345703125,-0.1177978515625,1.17578125,0.99951171875,-0.035736083984375,0.009124755859375,-0.00974273681640625,1.3349609375
12.63186264038086,117.0,-0.1002197265625,-0.08892822265625,1.2265625,0.99951171875,-0.0308074951171875,0.01263427734375,-0.01050567626953125,1.3193359375
12.650672912597656,116.9375,-0.106201171875,-0.10302734375,1.3447265625,0.99951171875,-0.0306549072265625,0.0160369873046875,-0.0102081298828125,1.31640625
12.673426151275635,116.9375,-0.0634765625,-0.1015625,1.35546875,0.9990234375,-0.031158447265625,0.02777099609375,-0.0118865966796875,1.3056640625
12.69372010231018,116.9375,-0.0738525390625,-0.080078125,1.318359375,0.9990234375,-0.0305328369140625,0.030517578125,-0.01148223876953125,1.3037109375
12.714794397354126,116.9375,-0.123779296875,-0.06903076171875,1.3154296875,0.9990234375,-0.0275421142578125,0.0372314453125,-0.01317596435546875,1.298828125
12.734764337539673,117.0,-0.071044921875,-0.06561279296875,1.259765625,0.9990234375,-0.0275726318359375,0.03662109375,-0.01500701904296875,1.2958984375
12.750311613082886,117.0,-0.078369140625,-0.05645751953125,1.1298828125,0.9990234375,-0.028839111328125,0.034332275390625,-0.01477813720703125,1.2958984375
12.773153066635132,116.9375,-0.09637451171875,-0.07940673828125,0.92431640625,0.9990234375,-0.031402587890625,0.0280609130859375,-0.0147247314453125,1.294921875
12.791840314865112,116.9375,-0.06561279296875,-0.05438232421875,0.8603515625,0.9990234375,-0.03240966796875,0.0250701904296875,-0.014373779296875,1.2939453125
12.813061237335205,117.0,-0.058380126953125,-0.068115234375,1.029296875,0.9990234375,-0.0316162109375,0.0292510986328125,-0.0145416259765625,1.29296875
12.8332839012146,116.9375,-0.04351806640625,-0.08721923828125,1.1640625,0.99853515625,-0.03106689453125,0.037841796875,-0.0151519775390625,1.291015625
12.853319644927979,116.9375,-0.04559326171875,-0.048248291015625,1.1240234375,0.99853515625,-0.03131103515625,0.040191650390625,-0.01470947265625,1.2900390625
12.87282395362854,116.875,-0.03704833984375,-0.051422119140625,0.98193359375,0.9990234375,-0.0308990478515625,0.034210205078125,-0.01346588134765625,1.2890625
12.893739938735962,116.9375,-0.06182861328125,-0.06378173828125,0.884765625,0.9990234375,-0.0291595458984375,0.0269012451171875,-0.01209259033203125,1.2890625
12.913021087646484,116.9375,-0.056732177734375,-0.0684814453125,0.892578125,0.99951171875,-0.026702880859375,0.0242156982421875,-0.01084136962890625,1.2880859375
12.93025279045105,116.9375,-0.06689453125,-0.036041259765625,1.0234375,0.99951171875,-0.0242462158203125,0.0272979736328125,-0.0106658935546875,1.287109375
12.954684257507324,116.875,-0.02593994140625,-0.025299072265625,1.0517578125,0.9990234375,-0.022857666015625,0.0304412841796875,-0.00965118408203125,1.287109375
12.97054672241211,116.875,-0.037811279296875,-0.036865234375,0.99755859375,0.99951171875,-0.020751953125,0.0306243896484375,-0.00806427001953125,1.2841796875
12.991785049438477,116.9375,-0.046875,-0.035430908203125,0.9814453125,0.99951171875,-0.0194091796875,0.0305938720703125,-0.00737762451171875,1.283203125
13.011746644973755,116.9375,-0.07763671875,-0.05572509765625,1.0185546875,0.99951171875,-0.0194091796875,0.031494140625,-0.00603485107421875,1.2841796875
13.030598402023315,116.9375,-0.04962158203125,-0.033660888671875,0.978515625,0.99951171875,-0.01934814453125,0.03076171875,-0.005413055419921875,1.2841796875
13.05029296875,116.9375,-0.038482666015625,-0.0268096923828125,0.900390625,0.99951171875,-0.0193023681640625,0.0280303955078125,-0.0048980712890625,1.283203125
13.07055950164795,116.875,-0.0921630859375,-0.050201416015625,0.8955078125,0.99951171875,-0.0193023681640625,0.025665283203125,-0.004413604736328125,1.2822265625
13.09077787399292,116.875,-0.0258026123046875,-0.03515625,0.99169921875,0.99951171875,-0.0200042724609375,0.026611328125,-0.0050811767578125,1.28125
13.111737489700317,116.9375,-0.0256500244140625,-0.0300750732421875,1.0146484375,0.99951171875,-0.0213623046875,0.0283660888671875,-0.00788116455078125,1.2783203125
13.130415678024292,116.875,-0.038848876953125,-0.042388916015625,0.9052734375,0.99951171875,-0.0228424072265625,0.026214599609375,-0.010101318359375,1.27734375
13.151719570159912,116.875,-0.06121826171875,-0.058837890625,0.81396484375,0.99951171875,-0.024139404296875,0.0223846435546875,-0.0108642578125,1.2744140625
13.172173023223877,116.875,-0.07861328125,-0.05853271484375,0.81005859375,0.99951171875,-0.0260009765625,0.0209197998046875,-0.009857177734375,1.271484375
13.192400932312012,116.875,-0.0477294921875,-0.0347900390625,0.83984375,0.9990234375,-0.02899169921875,0.0233001708984375,-0.00897979736328125,1.265625
13.21197509765625,116.875,-0.0447998046875,-0.035430908203125,0.857421875,0.9990234375,-0.033203125,0.02593994140625,-0.00882720947265625,1.26171875
13.233380794525146,116.9375,-0.0684814453125,-0.054351806640625,0.8271484375,0.9990234375,-0.035369873046875,0.02618408203125,-0.00844573974609375,1.2568359375
13.251701831817627,116.875,-0.018890380859375,-0.048828125,0.81103515625,0.9990234375,-0.035675048828125,0.0269317626953125,-0.00882720947265625,1.2509765625
13.27196216583252,116.8125,-0.040008544921875,-0.05743408203125,0.92431640625,0.9990234375,-0.035980224609375,0.0304718017578125,-0.00890350341796875,1.2412109375
13.291446208953857,116.8125,-0.0784912109375,-0.09613037109375,1.0009765625,0.99853515625,-0.037109375,0.032684326171875,-0.01018524169921875,1.2333984375
13.311681270599365,116.8125,-0.035430908203125,-0.05499267578125,0.90869140625,0.99853515625,-0.038604736328125,0.030426025390625,-0.0101318359375,1.2255859375
13.331414699554443,116.8125,-0.04241943359375,-0.051422119140625,0.7451171875,0.99853515625,-0.04046630859375,0.026824951171875,-0.009918212890625,1.21875
13.350473880767822,116.8125,-0.0640869140625,-0.07000732421875,0.79931640625,0.99853515625,-0.041717529296875,0.027313232421875,-0.0095977783203125,1.2099609375
13.3716139793396,116.8125,-0.0264434814453125,-0.06561279296875,0.95947265625,0.99853515625,-0.04217529296875,0.031280517578125,-0.01219940185546875,1.201171875
13.3917715549469,116.875,0.0007796287536621094,-0.08197021484375,0.89306640625,0.99853515625,-0.04156494140625,0.032623291015625,-0.0130157470703125,1.19140625
13.410248279571533,116.8125,-0.0467529296875,-0.0721435546875,0.78662109375,0.99853515625,-0.040771484375,0.0308685302734375,-0.012451171875,1.189453125
13.430419921875,116.8125,-0.03302001953125,-0.056365966796875,0.82666015625,0.99853515625,-0.037628173828125,0.0296783447265625,-0.01441192626953125,1.181640625
13.451658487319946,116.75,-0.0643310546875,-0.04302978515625,0.896484375,0.99853515625,-0.033599853515625,0.03204345703125,-0.0186004638671875,1.171875
13.47061562538147,116.75,-0.050872802734375,-0.07470703125,0.93603515625,0.9990234375,-0.028167724609375,0.034149169921875,-0.02166748046875,1.1611328125
13.491781234741211,116.8125,-0.055633544921875,-0.093994140625,0.93408203125,0.9990234375,-0.0201873779296875,0.03485107421875,-0.023040771484375,1.150390625
13.510555505752563,116.8125,-0.034423828125,-0.043853759765625,0.8916015625,0.9990234375,-0.0098419189453125,0.032073974609375,-0.0249481201171875,1.138671875
13.532353401184082,116.75,-0.05303955078125,0.0057220458984375,0.802734375,0.9990234375,0.0012140274047851562,0.030059814453125,-0.027496337890625,1.1279296875
13.550322532653809,116.75,-0.03558349609375,0.0247039794921875,0.77392578125,0.9990234375,0.0105438232421875,0.031524658203125,-0.029449462890625,1.115234375
13.570361614227295,116.8125,-0.0418701171875,0.035491943359375,0.84765625,0.99853515625,0.0185089111328125,0.0341796875,-0.031890869140625,1.1015625
13.59127926826477,116.8125,-0.01611328125,0.054595947265625,0.87744140625,0.99853515625,0.0240936279296875,0.036376953125,-0.03289794921875,1.0869140625
13.610830545425415,116.75,-0.038848876953125,-0.0020847320556640625,0.90185546875,0.998046875,0.0269775390625,0.0384521484375,-0.03582763671875,1.072265625
13.632755756378174,116.75,-0.03924560546875,0.01641845703125,0.86376953125,0.998046875,0.03021240234375,0.039093017578125,-0.0369873046875,1.05859375
13.651650428771973,116.75,-0.05841064453125,0.089111328125,0.79638671875,0.998046875,0.033477783203125,0.035186767578125,-0.040618896484375,1.04296875
13.670334577560425,116.75,-0.057373046875,0.043670654296875,0.76416015625,0.998046875,0.033355712890625,0.03076171875,-0.04254150390625,1.02734375
13.690510749816895,116.75,-0.084228515625,0.044921875,0.751953125,0.998046875,0.030609130859375,0.029998779296875,-0.043731689453125,1.0107421875
13.710450887680054,116.75,-0.09625244140625,0.0225830078125,0.76953125,0.998046875,0.0286712646484375,0.0310516357421875,-0.04278564453125,0.9921875
13.732453346252441,116.75,-0.058746337890625,0.0599365234375,0.8359375,0.998046875,0.029022216796875,0.033416748046875,-0.0428466796875,0.97412109375
13.750463962554932,116.75,-0.045562744140625,0.057098388671875,0.9189453125,0.998046875,0.0301666259765625,0.038360595703125,-0.0430908203125,0.95458984375
13.770622253417969,116.6875,-0.07269287109375,0.04840087890625,0.9755859375,0.99755859375,0.029083251953125,0.04364013671875,-0.042999267578125,0.93505859375
13.790241718292236,116.625,-0.088134765625,0.0283203125,0.9287109375,0.998046875,0.0258026123046875,0.04376220703125,-0.041351318359375,0.9150390625
13.810363054275513,116.5625,-0.054779052734375,0.0232391357421875,0.84423828125,0.998046875,0.0236968994140625,0.039459228515625,-0.039520263671875,0.89501953125
13.83055567741394,116.5,-0.09344482421875,0.0288543701171875,0.8310546875,0.998046875,0.0233917236328125,0.03753662109375,-0.038177490234375,0.87451171875
13.850768327713013,116.5,-0.115478515625,0.0257720947265625,0.85986328125,0.99853515625,0.0238494873046875,0.03753662109375,-0.037109375,0.853515625
13.872037649154663,116.5,-0.1273193359375,0.04571533203125,0.837890625,0.99853515625,0.0229339599609375,0.037872314453125,-0.036590576171875,0.83154296875
13.889927625656128,116.5,-0.0762939453125,0.032135009765625,0.8359375,0.99853515625,0.0202789306640625,0.037445068359375,-0.03509521484375,0.81005859375
13.910131216049194,116.5,-0.06622314453125,0.025390625,0.89013671875,0.99853515625,0.0178070068359375,0.0396728515625,-0.033050537109375,0.787109375
13.930506944656372,116.4375,-0.107177734375,0.007495880126953125,0.9970703125,0.99853515625,0.0158233642578125,0.045745849609375,-0.0308837890625,0.763671875
13.950084924697876,116.5,-0.1285400390625,0.04498291015625,0.97412109375,0.998046875,0.012847900390625,0.05377197265625,-0.0286102294921875,0.73974609375
13.970279693603516,116.375,-0.192626953125,0.042388916015625,0.958984375,0.998046875,0.00992584228515625,0.059356689453125,-0.02618408203125,0.71630859375
13.990602970123291,116.4375,-0.17041015625,0.0562744140625,0.9892578125,0.998046875,0.0084991455078125,0.0606689453125,-0.0251312255859375,0.6923828125
14.01171612739563,116.375,-0.1246337890625,-0.0207977294921875,1.017578125,0.998046875,0.00759124755859375,0.060516357421875,-0.0253753662109375,0.6689453125
14.030282020568848,116.4375,-0.1734619140625,-0.09820556640625,1.0224609375,0.99755859375,0.007793426513671875,0.061981201171875,-0.0255584716796875,0.64501953125
14.049991846084595,116.375,-0.10260009765625,-0.0081634521484375,1.052734375,0.99755859375,0.00942230224609375,0.06402587890625,-0.0262451171875,0.62158203125
14.070038318634033,116.375,-0.10711669921875,0.058380126953125,1.0859375,0.99755859375,0.01207733154296875,0.0645751953125,-0.02740478515625,0.59814453125
14.090562582015991,116.3125,-0.106201171875,0.0673828125,1.005859375,0.99755859375,0.014556884765625,0.06317138671875,-0.029876708984375,0.5751953125
14.110276937484741,116.25,-0.155029296875,0.03997802734375,0.9326171875,0.99755859375,0.0167999267578125,0.060089111328125,-0.03271484375,0.55224609375
14.130477666854858,116.3125,-0.1129150390625,0.059783935546875,0.96484375,0.99755859375,0.0182037353515625,0.05731201171875,-0.034912109375,0.529296875
14.150781154632568,116.3125,-0.11090087890625,0.040374755859375,1.0634765625,0.99755859375,0.0184326171875,0.056671142578125,-0.03680419921875,0.5078125
14.17027235031128,116.25,-0.1094970703125,0.0216217041015625,1.1494140625,0.9970703125,0.020111083984375,0.060882568359375,-0.040252685546875,0.48486328125
14.190261840820312,116.25,-0.0626220703125,0.08660888671875,1.1943359375,0.99658203125,0.0239410400390625,0.0660400390625,-0.04364013671875,0.462646484375
14.20997428894043,116.1875,-0.148193359375,0.08624267578125,1.2109375,0.99609375,0.026458740234375,0.06903076171875,-0.047637939453125,0.44091796875
14.230259656906128,116.1875,-0.1961669921875,0.03338623046875,1.12109375,0.99609375,0.0255279541015625,0.06597900390625,-0.049835205078125,0.419921875
14.250322103500366,116.125,-0.154296875,0.021759033203125,0.888671875,0.99658203125,0.024444580078125,0.058563232421875,-0.0521240234375,0.39990234375
14.271733522415161,116.0625,-0.128662109375,-0.00283050537109375,0.8876953125,0.99658203125,0.0248260498046875,0.0548095703125,-0.05511474609375,0.3798828125
14.293607950210571,116.0,-0.1322021484375,0.0035343170166015625,1.1669921875,0.99609375,0.025543212890625,0.061614990234375,-0.05584716796875,0.35888671875
14.310102224349976,116.0,-0.1248779296875,0.0260772705078125,1.298828125,0.99658203125,0.0270538330078125,0.069580078125,-0.0352783203125,0.336669921875
14.330250978469849,116.0,-0.1639404296875,0.0845947265625,1.2607421875,0.99658203125,0.0274505615234375,0.07177734375,-0.0352783203125,0.31689453125
14.35029935836792,116.0625,-0.1495361328125,0.0030574798583984375,1.0693359375,0.9970703125,0.0272979736328125,0.0655517578125,-0.035369873046875,0.298095703125
14.37210464477539,116.0,-0.112548828125,-0.042938232421875,0.97802734375,0.9970703125,0.0277862548828125,0.061370849609375,-0.0357666015625,0.279541015625
14.389988660812378,115.9375,-0.12054443359375,0.0498046875,1.029296875,0.9970703125,0.03045654296875,0.061370849609375,-0.037750244140625,0.26220703125
14.410103797912598,115.9375,-0.110595703125,0.12408447265625,1.1220703125,0.99658203125,0.033050537109375,0.063232421875,-0.039276123046875,0.2452392578125
14.430251359939575,115.9375,-0.12396240234375,0.08404541015625,1.1591796875,0.99658203125,0.03424072265625,0.06475830078125,-0.041290283203125,0.2275390625
14.45093297958374,115.875,-0.1202392578125,0.0494384765625,1.171875,0.99609375,0.034820556640625,0.06561279296875,-0.04541015625,0.2109375
14.470374584197998,115.875,-0.0694580078125,0.063720703125,1.197265625,0.99609375,0.03582763671875,0.0648193359375,-0.048583984375,0.195068359375
14.49027681350708,115.875,-0.07159423828125,0.06591796875,1.21484375,0.99609375,0.037445068359375,0.06439208984375,-0.0521240234375,0.179931640625
14.510389804840088,115.875,-0.1474609375,0.018646240234375,1.1669921875,0.99560546875,0.038848876953125,0.06280517578125,-0.0550537109375,0.1654052734375
14.53063678741455,115.875,-0.1571044921875,0.0238189697265625,1.083984375,0.99560546875,0.03924560546875,0.058685302734375,-0.0595703125,0.1514892578125
14.550874710083008,115.8125,-0.21142578125,0.09014892578125,1.099609375,0.99560546875,0.03680419921875,0.05487060546875,-0.0635986328125,0.1385498046875
14.571110248565674,115.75,-0.180908203125,0.07940673828125,1.15625,0.99609375,0.029327392578125,0.053619384765625,-0.06353759765625,0.1258544921875
14.589755058288574,115.8125,-0.180908203125,0.0823974609375,1.16796875,0.99658203125,0.020172119140625,0.05322265625,-0.061431884765625,0.1126708984375
14.609945297241211,115.8125,-0.317626953125,-0.037506103515625,1.19921875,0.99658203125,0.01433563232421875,0.055023193359375,-0.058135986328125,0.09918212890625
14.631273984909058,115.8125,-0.257568359375,0.06475830078125,1.3330078125,0.99658203125,0.01071929931640625,0.05950927734375,-0.05670166015625,0.08599853515625
14.65083909034729,115.75,-0.173095703125,0.041107177734375,1.453125,0.99658203125,0.00785064697265625,0.061370849609375,-0.053985595703125,0.07647705078125
14.670379638671875,115.75,-0.1326904296875,0.1180419921875,1.3994140625,0.9970703125,0.005161285400390625,0.059356689453125,-0.050994873046875,0.0684814453125
14.689963102340698,115.75,-0.1358642578125,0.11517333984375,1.275390625,0.99755859375,0.0030345916748046875,0.053436279296875,-0.046722412109375,0.06292724609375
14.710747003555298,115.75,-0.1590576171875,-0.0079803466796875,1.2021484375,0.998046875,0.0013589859008789062,0.048492431640625,-0.0413818359375,0.058013916015625
14.73089861869812,115.6875,-0.166015625,-0.0185089111328125,1.119140625,0.99853515625,0.0007534027099609375,0.04327392578125,-0.036285400390625,0.05438232421875
14.749898910522461,115.6875,-0.101806640625,-0.037811279296875,1.087890625,0.99853515625,0.0013217926025390625,0.0404052734375,-0.031280517578125,0.0509033203125
14.771044731140137,115.625,-0.0308380126953125,-0.0263519287109375,1.1884765625,0.99853515625,0.0028438568115234375,0.0419921875,-0.026275634765625,0.0469970703125
14.789977788925171,115.6875,-0.09942626953125,0.07684326171875,1.2197265625,0.9990234375,0.004764556884765625,0.04156494140625,-0.0227813720703125,0.044586181640625
14.810920715332031,115.6875,-0.08148193359375,0.03021240234375,1.0380859375,0.9990234375,0.005039215087890625,0.034820556640625,-0.019073486328125,0.042938232421875
14.829633235931396,115.625,-0.0982666015625,0.01345062255859375,0.8427734375,0.99951171875,0.0062103271484375,0.028839111328125,-0.0159454345703125,0.041534423828125
14.85017991065979,115.6875,-0.1109619140625,0.01284027099609375,0.83447265625,0.99951171875,0.00995635986328125,0.029083251953125,-0.01427459716796875,0.039642333984375
14.869746685028076,115.625,-0.043212890625,0.0183563232421875,1.046875,0.9990234375,0.014129638671875,0.0357666015625,-0.01328277587890625,0.037200927734375
14.890270709991455,115.625,-0.01548004150390625,0.0338134765625,1.2236328125,0.9990234375,0.01739501953125,0.042938232421875,-0.01273345947265625,0.033660888671875
14.909666776657104,115.6875,-0.01065826416015625,0.032196044921875,1.2294921875,0.99853515625,0.0180511474609375,0.04595947265625,-0.01256561279296875,0.0300445556640625
14.929838180541992,115.6875,-0.042877197265625,0.0274810791015625,1.078125,0.9990234375,0.017425537109375,0.042449951171875,-0.01267242431640625,0.0286865234375
14.950337648391724,115.6875,-0.07635498046875,0.0240936279296875,0.9189453125,0.9990234375,0.01514434814453125,0.036102294921875,-0.01363372802734375,0.027862548828125
14.9700186252594,115.625,-0.06646728515625,-0.0018224716186523438,0.85888671875,0.9990234375,0.01287078857421875,0.033447265625,-0.0165863037109375,0.02685546875
14.990177869796753,115.625,-0.0732421875,-0.041015625,0.9248046875,0.9990234375,0.01163482666015625,0.0369873046875,-0.02081298828125,0.0255126953125
15.00974416732788,115.625,-0.10040283203125,-0.040679931640625,1.05078125,0.99853515625,0.01064300537109375,0.043304443359375,-0.0240325927734375,0.0237884521484375
15.029960632324219,115.625,-0.10308837890625,-0.04632568359375,1.123046875,0.99853515625,0.01065826416015625,0.0469970703125,-0.0264892578125,0.02215576171875
15.050285816192627,115.625,0.1085205078125,0.0089111328125,1.044921875,0.99853515625,0.01114654541015625,0.0399169921875,-0.0289459228515625,0.0211334228515625
15.070846557617188,115.625,-0.1683349609375,0.10791015625,1.0849609375,0.9990234375,0.01068878173828125,0.03289794921875,-0.031341552734375,0.019989013671875
15.090289831161499,115.625,-0.10015869140625,0.0762939453125,0.98681640625,0.9990234375,0.010040283203125,0.0256500244140625,-0.031646728515625,0.01947021484375
15.109878301620483,115.625,-0.042877197265625,0.0144500732421875,0.984375,0.99951171875,0.0094757080078125,0.018829345703125,-0.03179931640625,0.0187835693359375
15.130242347717285,115.625,-0.06231689453125,0.01045989990234375,1.0166015625,0.99951171875,0.00933837890625,0.01215362548828125,-0.03240966796875,0.018402099609375
15.150138854980469,115.625,-0.0482177734375,0.032867431640625,1.0029296875,0.99951171875,0.0094146728515625,0.00598907470703125,-0.033935546875,0.0181121826171875
15.171803951263428,115.6875,-0.0950927734375,-0.021270751953125,1.1416015625,0.99951171875,0.00952911376953125,0.002735137939453125,-0.03448486328125,0.0179901123046875
15.189677238464355,115.6875,-0.016571044921875,0.050689697265625,0.92822265625,0.99951171875,0.0084228515625,0.0,-0.034881591796875,0.01812744140625
15.21089792251587,115.6875,0.0169525146484375,-0.052459716796875,1.02734375,0.99951171875,0.005283355712890625,0.0006260871887207031,-0.035797119140625,0.0178680419921875
15.230963230133057,115.625,-0.05413818359375,0.04620361328125,0.96826171875,0.99951171875,0.002109527587890625,0.0005803108215332031,-0.0372314453125,0.017791748046875
15.249835014343262,115.625,0.039764404296875,-0.045684814453125,1.1259765625,0.9990234375,-0.0008449554443359375,0.0006895065307617188,-0.0384521484375,0.0177459716796875
15.27078104019165,115.625,0.03106689453125,-0.01222991943359375,0.97509765625,0.9990234375,-0.002536773681640625,-7.700920104980469e-05,-0.038330078125,0.0177764892578125
15.290042877197266,115.5625,-0.0254058837890625,0.01160430908203125,1.0244140625,0.9990234375,-0.0023937225341796875,0.0,-0.038330078125,0.0179901123046875
15.310982465744019,115.5625,-0.0106964111328125,0.00785064697265625,1.017578125,0.9990234375,-0.00274658203125,-0.0003478527069091797,-0.038360595703125,0.0182037353515625
15.330087661743164,115.5625,0.001605987548828125,-0.007076263427734375,0.97705078125,0.9990234375,-0.0026416778564453125,0.00033164024353027344,-0.0389404296875,0.0178985595703125
15.349971055984497,115.6875,-0.01476287841796875,0.01323699951171875,0.9931640625,0.9990234375,-0.002674102783203125,0.0003483295440673828,-0.039398193359375,0.01800537109375
15.370362281799316,115.625,-0.0016317367553710938,-0.008544921875,1.0146484375,0.9990234375,-0.00281524658203125,0.0002484321594238281,-0.039703369140625,0.0181121826171875
15.389484405517578,115.625,-0.01233673095703125,-0.00754547119140625,1.001953125,0.9990234375,-0.002620697021484375,0.00040030479431152344,-0.039947509765625,0.0182342529296875
15.410008668899536,115.625,-0.00765228271484375,-0.0011186599731445312,0.99462890625,0.9990234375,-0.002742767333984375,0.00025653839111328125,-0.040130615234375,0.01837158203125
15.430919647216797,115.5625,0.007015228271484375,-0.0152435302734375,0.99853515625,0.9990234375,-0.002712249755859375,0.00027060508728027344,-0.040283203125,0.018524169921875
15.449891567230225,115.625,-0.00864410400390625,-0.0081024169921875,1.005859375,0.9990234375,-0.0026226043701171875,0.0003075599670410156,-0.040374755859375,0.0186614990234375
15.469582080841064,115.625,-0.00910186767578125,-0.00237274169921875,1.0029296875,0.9990234375,-0.002490997314453125,-6.574392318725586e-05,-0.039642333984375,0.0164947509765625
15.489693641662598,115.625,-0.0017271041870117188,-0.0079498291015625,0.99658203125,0.9990234375,-0.0024700164794921875,-5.143880844116211e-05,-0.03900146484375,0.0164031982421875
15.510095834732056,115.6875,-0.006923675537109375,-0.00943756103515625,0.9990234375,0.9990234375,-0.0024776458740234375,0.0,-0.038360595703125,0.0163421630859375
15.52998971939087,115.6875,-0.004993438720703125,-0.00647735595703125,1.005859375,0.99951171875,-0.0024890899658203125,9.715557098388672e-06,-0.037841796875,0.0163116455078125
15.549705982208252,115.625,-0.00791168212890625,-0.006378173828125,1.0048828125,0.99951171875,-0.0025043487548828125,6.133317947387695e-05,-0.037322998046875,0.016265869140625
15.569844245910645,115.6875,-0.00811004638671875,-0.0067291259765625,1.0009765625,0.99951171875,-0.00252532958984375,-1.7404556274414062e-05,-0.0367431640625,0.0162811279296875
15.590108394622803,115.625,-0.00839996337890625,-0.00579071044921875,1.0048828125,0.99951171875,-0.0025386810302734375,-6.568431854248047e-05,-0.0367431640625,0.016326904296875
15.610047340393066,115.6875,-0.006542205810546875,-0.0102691650390625,1.001953125,0.99951171875,-0.0025463104248046875,-8.505582809448242e-05,-0.0367431640625,0.016357421875
15.629547834396362,115.75,-0.00412750244140625,-0.0092315673828125,0.99951171875,0.99951171875,-0.0025787353515625,0.0,-0.03607177734375,0.0164642333984375
15.649997472763062,115.6875,-0.004901885986328125,-0.01114654541015625,1.0009765625,0.99951171875,-0.0025634765625,0.0,-0.03607177734375,0.0165252685546875
15.67017412185669,115.6875,-0.008270263671875,-0.00897216796875,1.0,0.99951171875,-0.0026397705078125,0.00019419193267822266,-0.035247802734375,0.0166473388671875
15.689952373504639,115.6875,-0.005046844482421875,-0.007518768310546875,1.0029296875,0.99951171875,-0.002635955810546875,0.0001577138900756836,-0.035247802734375,0.0167236328125
15.709807634353638,115.75,-0.005443572998046875,-0.0048980712890625,1.0,0.99951171875,-0.0027313232421875,0.0004410743713378906,-0.034332275390625,0.0168304443359375
15.730262994766235,115.75,-0.006885528564453125,-0.00557708740234375,1.001953125,0.99951171875,-0.002716064453125,0.0004277229309082031,-0.0343017578125,0.0169219970703125
15.749885559082031,115.6875,-0.007427215576171875,-0.007625579833984375,1.0009765625,0.99951171875,-0.00281524658203125,0.0007114410400390625,-0.03369140625,0.0169830322265625
15.770909547805786,115.6875,-0.00821685791015625,-0.006359100341796875,1.0029296875,0.99951171875,-0.0028400421142578125,0.0008654594421386719,-0.0333251953125,0.0170745849609375
15.789777278900146,115.6875,-0.005847930908203125,-0.007190704345703125,0.998046875,0.99951171875,-0.0028533935546875,0.0009546279907226562,-0.03326416015625,0.017120361328125
15.80989670753479,115.6875,-0.005672454833984375,-0.00848388671875,1.0009765625,0.99951171875,-0.002895355224609375,0.0010175704956054688,-0.033416748046875,0.0172119140625
15.830946683883667,115.6875,-0.005126953125,-0.01059722900390625,0.9990234375,0.99951171875,-0.00290679931640625,0.0009746551513671875,-0.033416748046875,0.017303466796875
15.849700212478638,115.6875,-0.0064239501953125,-0.00757598876953125,0.99951171875,0.99951171875,-0.0029087066650390625,0.0009284019470214844,-0.033416748046875,0.0174102783203125
15.869537830352783,115.6875,-0.00536346435546875,-0.00954437255859375,1.001953125,0.99951171875,-0.0028972625732421875,0.0009250640869140625,-0.033416748046875,0.0175018310546875
15.889474630355835,115.6875,-0.00592803955078125,-0.00656890869140625,1.0,0.99951171875,-0.0029621124267578125,0.0013132095336914062,-0.034515380859375,0.01739501953125
15.910995721817017,115.6875,-0.007602691650390625,-0.0075531005859375,1.001953125,0.99951171875,-0.0029811859130859375,0.0014629364013671875,-0.035736083984375,0.0172882080078125
15.92949914932251,115.625,-0.006526947021484375,-0.00699615478515625,1.0,0.99951171875,-0.002994537353515625,0.0016117095947265625,-0.0369873046875,0.017181396484375
15.949859142303467,115.6875,-0.0090789794921875,-0.00806427001953125,1.00390625,0.9990234375,-0.0030040740966796875,0.0017156600952148438,-0.0382080078125,0.0170440673828125
15.969669818878174,115.6875,-0.007656097412109375,-0.007549285888671875,1.0009765625,0.9990234375,-0.003002166748046875,0.0017986297607421875,-0.039215087890625,0.01690673828125
15.99208950996399,115.75,-0.00759124755859375,-0.007068634033203125,1.0009765625,0.9990234375,-0.0030498504638671875,0.0023860931396484375,-0.039093017578125,0.016571044921875
16.009724617004395,115.75,-0.00524139404296875,-0.00785064697265625,1.0009765625,0.9990234375,-0.0030422210693359375,0.0026149749755859375,-0.03814697265625,0.0166473388671875
16.029544353485107,115.75,-0.0057373046875,-0.00921630859375,1.0,0.99951171875,-0.0030307769775390625,0.0027408599853515625,-0.0372314453125,0.0166473388671875
16.049715518951416,115.6875,-0.004993438720703125,-0.00751495361328125,0.99853515625,0.99951171875,-0.003021240234375,0.0027713775634765625,-0.0364990234375,0.0166015625
16.07008171081543,115.6875,-0.0081634521484375,-0.00740814208984375,1.0,0.99951171875,-0.0030345916748046875,0.0028057098388671875,-0.035736083984375,0.01654052734375
16.091557502746582,115.6875,-0.008453369140625,-0.00841522216796875,1.0009765625,0.99951171875,-0.003032684326171875,0.0028133392333984375,-0.03515625,0.0164947509765625
16.10972285270691,115.625,-0.006450653076171875,-0.00897979736328125,1.0009765625,0.99951171875,-0.0030612945556640625,0.0028018951416015625,-0.0345458984375,0.0164031982421875
16.129905223846436,115.6875,-0.0060272216796875,-0.00791168212890625,1.001953125,0.99951171875,-0.003086090087890625,0.00276947021484375,-0.033966064453125,0.01629638671875
16.15062665939331,115.6875,-0.0053253173828125,-0.007785797119140625,1.0029296875,0.99951171875,-0.0031833648681640625,0.002506256103515625,-0.033905029296875,0.0164642333984375
16.17010807991028,115.75,-0.003978729248046875,-0.00963592529296875,0.9990234375,0.99951171875,-0.0032501220703125,0.002483367919921875,-0.0338134765625,0.016448974609375
16.18956232070923,115.6875,-0.0062713623046875,-0.0077056884765625,0.9990234375,0.99951171875,-0.0032711029052734375,0.002498626708984375,-0.03363037109375,0.016387939453125
16.20951819419861,115.625,-0.00711822509765625,-0.00936126708984375,1.0029296875,0.99951171875,-0.0032749176025390625,0.00244140625,-0.033416748046875,0.0163421630859375
16.229974269866943,115.6875,-0.006458282470703125,-0.00948333740234375,1.0009765625,0.99951171875,-0.0032901763916015625,0.002506256103515625,-0.033203125,0.0163116455078125
16.249507665634155,115.6875,-0.005588531494140625,-0.00577545166015625,1.0009765625,0.99951171875,-0.003284454345703125,0.002513885498046875,-0.0330810546875,0.0163116455078125
16.27005696296692,115.6875,-0.0069732666015625,-0.006237030029296875,1.0009765625,0.99951171875,-0.0033111572265625,0.002628326416015625,-0.03271484375,0.016265869140625
16.289679288864136,115.625,-0.0062255859375,-0.00780487060546875,1.00390625,0.99951171875,-0.0033512115478515625,0.0025196075439453125,-0.03265380859375,0.016326904296875
16.310004949569702,115.625,-0.005229949951171875,-0.0084228515625,1.0029296875,0.99951171875,-0.00339508056640625,0.0024929046630859375,-0.032470703125,0.016326904296875
16.32940149307251,115.625,-0.00618743896484375,-0.00826263427734375,1.001953125,0.99951171875,-0.00339508056640625,0.002635955810546875,-0.032196044921875,0.016326904296875
16.34950017929077,115.6875,-0.00662994384765625,-0.0077362060546875,1.0,0.99951171875,-0.0034122467041015625,0.002689361572265625,-0.0318603515625,0.0163116455078125
16.369725704193115,115.6875,-0.0056304931640625,-0.00954437255859375,1.001953125,0.99951171875,-0.003448486328125,0.0022945404052734375,-0.031982421875,0.0164337158203125
16.390416145324707,115.6875,-0.0072784423828125,-0.006893157958984375,1.0009765625,0.99951171875,-0.003452301025390625,0.0022792816162109375,-0.031982421875,0.0164642333984375
16.409727096557617,115.6875,-0.00536346435546875,-0.007305145263671875,0.9990234375,0.99951171875,-0.003448486328125,0.002307891845703125,-0.031982421875,0.016510009765625
16.429253816604614,115.6875,-0.00667572021484375,-0.00719451904296875,1.001953125,0.99951171875,-0.003520965576171875,0.0019741058349609375,-0.032196044921875,0.0168304443359375
16.449705362319946,115.6875,-0.00672149658203125,-0.0061187744140625,1.0009765625,0.99951171875,-0.00351715087890625,0.0019626617431640625,-0.032196044921875,0.01690673828125
16.469825744628906,115.75,-0.00677490234375,-0.00936126708984375,1.001953125,0.99951171875,-0.00351715087890625,0.00196075439453125,-0.0322265625,0.016998291015625
16.489279985427856,115.75,-0.0049896240234375,-0.007686614990234375,1.0009765625,0.99951171875,-0.003704071044921875,0.0028934478759765625,-0.031829833984375,0.0162811279296875
16.50924563407898,115.75,-0.00667572021484375,-0.00933074951171875,1.0009765625,0.99951171875,-0.00371551513671875,0.00308990478515625,-0.031463623046875,0.0162200927734375
16.529280185699463,115.75,-0.00867462158203125,-0.0082855224609375,1.001953125,0.99951171875,-0.00372314453125,0.003101348876953125,-0.0311279296875,0.0161895751953125
16.549505472183228,115.75,-0.0028858184814453125,-0.00952911376953125,1.0009765625,0.99951171875,-0.0037288665771484375,0.0030994415283203125,-0.030731201171875,0.0161590576171875
16.569560527801514,115.75,-0.0036563873291015625,-0.007740020751953125,1.0029296875,0.99951171875,-0.0037250518798828125,0.0030765533447265625,-0.03033447265625,0.0161285400390625
16.589498281478882,115.6875,-0.00603485107421875,-0.007602691650390625,1.0,0.99951171875,-0.0037841796875,0.00286865234375,-0.0304107666015625,0.0163116455078125
16.609180212020874,115.6875,-0.0075836181640625,-0.01027679443359375,1.0009765625,0.99951171875,-0.003803253173828125,0.0026874542236328125,-0.0307769775390625,0.0163726806640625
16.629612922668457,115.6875,-0.005756378173828125,-0.0075531005859375,1.0009765625,0.99951171875,-0.0038280487060546875,0.0025577545166015625,-0.0311737060546875,0.016510009765625
16.649282932281494,115.6875,-0.006221771240234375,-0.01071929931640625,1.0009765625,0.99951171875,-0.003871917724609375,0.00249481201171875,-0.031585693359375,0.01666259765625
16.66949486732483,115.6875,-0.00567626953125,-0.007083892822265625,1.0029296875,0.99951171875,-0.0038738250732421875,0.0025043487548828125,-0.031585693359375,0.0167388916015625
16.68934416770935,115.6875,-0.006305694580078125,-0.0070037841796875,1.0048828125,0.99951171875,-0.003879547119140625,0.0025043487548828125,-0.0316162109375,0.0168304443359375
16.709644079208374,115.6875,-0.003391265869140625,-0.006748199462890625,1.001953125,0.99951171875,-0.003887176513671875,0.0025177001953125,-0.0316162109375,0.016937255859375
16.72989845275879,115.6875,-0.007045745849609375,-0.007625579833984375,1.0029296875,0.99951171875,-0.003948211669921875,0.0032176971435546875,-0.03167724609375,0.0165863037109375
16.749467611312866,115.625,-0.006195068359375,-0.00844573974609375,1.001953125,0.99951171875,-0.003936767578125,0.0033245086669921875,-0.031951904296875,0.016632080078125
16.769736289978027,115.625,-0.0031871795654296875,-0.00933837890625,1.0009765625,0.99951171875,-0.00394439697265625,0.0033245086669921875,-0.032379150390625,0.01666259765625
16.78990411758423,115.5625,-0.006256103515625,-0.00878143310546875,1.0009765625,0.99951171875,-0.003971099853515625,0.003108978271484375,-0.033599853515625,0.01666259765625
16.809399604797363,115.5625,-0.0036468505859375,-0.00885772705078125,1.001953125,0.99951171875,-0.003997802734375,0.0030155181884765625,-0.034759521484375,0.0167694091796875
16.829678773880005,115.625,-0.0048675537109375,-0.00946807861328125,1.0,0.99951171875,-0.0040130615234375,0.00307464599609375,-0.035430908203125,0.0168304443359375
16.849982261657715,115.75,-0.00702667236328125,-0.0092926025390625,1.0009765625,0.99951171875,-0.004047393798828125,0.002979278564453125,-0.036865234375,0.0167999267578125
16.869494199752808,115.75,-0.006725311279296875,-0.0059051513671875,1.001953125,0.99951171875,-0.0040435791015625,0.0030651092529296875,-0.037567138671875,0.0168609619140625
16.889065265655518,115.75,-0.004978179931640625,-0.00933837890625,1.001953125,0.99951171875,-0.004039764404296875,0.00308990478515625,-0.03753662109375,0.0169219970703125
16.909451961517334,115.6875,-0.0061187744140625,-0.009033203125,1.001953125,0.9990234375,-0.0040283203125,0.002559661865234375,-0.038360595703125,0.01708984375
16.929262161254883,115.6875,-0.00661468505859375,-0.010986328125,1.0009765625,0.9990234375,-0.0040435791015625,0.0025730133056640625,-0.038360595703125,0.0171966552734375
16.949543714523315,115.6875,-0.007228851318359375,-0.01087188720703125,1.0,0.9990234375,-0.0040283203125,0.0025730133056640625,-0.038360595703125,0.017303466796875
16.969063758850098,115.625,-0.0032444000244140625,-0.00826263427734375,1.0,0.9990234375,-0.0040435791015625,0.0021610260009765625,-0.039276123046875,0.0176544189453125
16.989442586898804,115.625,-0.00823974609375,-0.00746917724609375,1.001953125,0.9990234375,-0.004032135009765625,0.0021610260009765625,-0.039276123046875,0.017791748046875
17.009358644485474,115.625,-0.006427764892578125,-0.00795745849609375,1.0048828125,0.9990234375,-0.0040435791015625,0.0021266937255859375,-0.03924560546875,0.0179443359375
17.029364585876465,115.5625,-0.005260467529296875,-0.007259368896484375,1.0029296875,0.9990234375,-0.00406646728515625,0.0020008087158203125,-0.039825439453125,0.0182342529296875
17.049628257751465,115.6875,-0.005474090576171875,-0.00868988037109375,1.0029296875,0.9990234375,-0.004058837890625,0.002010345458984375,-0.04034423828125,0.018402099609375
17.068990230560303,115.6875,-0.00691986083984375,-0.008056640625,1.0,0.9990234375,-0.004070281982421875,0.002056121826171875,-0.04071044921875,0.0185546875
17.089396715164185,115.6875,-0.00611114501953125,-0.006458282470703125,0.99951171875,0.9990234375,-0.004077911376953125,0.002048492431640625,-0.041046142578125,0.0186920166015625
17.10960555076599,115.6875,-0.0068817138671875,-0.00849151611328125,1.0,0.9990234375,-0.004070281982421875,0.00205230712890625,-0.041046142578125,0.018890380859375
17.129451751708984,115.75,-0.00562286376953125,-0.00789642333984375,1.0048828125,0.9990234375,-0.004058837890625,0.0020351409912109375,-0.041046142578125,0.0190887451171875
17.149424076080322,115.6875,-0.00799560546875,-0.007236480712890625,1.001953125,0.9990234375,-0.004058837890625,0.00201416015625,-0.041046142578125,0.019287109375
17.169750452041626,115.6875,-0.006137847900390625,-0.0102081298828125,1.001953125,0.9990234375,-0.00408172607421875,0.002025604248046875,-0.041046142578125,0.019500732421875
17.189011812210083,115.6875,-0.005359649658203125,-0.006275177001953125,1.001953125,0.9990234375,-0.0041046142578125,0.0019931793212890625,-0.04107666015625,0.01971435546875
17.20915150642395,115.6875,-0.005443572998046875,-0.0068206787109375,1.0,0.9990234375,-0.004119873046875,0.0020198822021484375,-0.041046142578125,0.0199432373046875
17.22990393638611,115.625,-0.004302978515625,-0.00873565673828125,0.99951171875,0.9990234375,-0.00411224365234375,0.0019989013671875,-0.04107666015625,0.020172119140625
17.249454259872437,115.6875,-0.0035839080810546875,-0.006046295166015625,1.0009765625,0.9990234375,-0.004116058349609375,0.001995086669921875,-0.041046142578125,0.020416259765625
17.269044637680054,115.6875,-0.00484466552734375,-0.00815582275390625,1.0009765625,0.9990234375,-0.0041046142578125,0.00199127197265625,-0.04107666015625,0.020660400390625
17.289047956466675,115.6875,-0.006717681884765625,-0.007068634033203125,1.0009765625,0.9990234375,-0.00396728515625,0.0027484893798828125,-0.04107666015625,0.0199737548828125
17.30929923057556,115.625,-0.006153106689453125,-0.00867462158203125,1.0048828125,0.9990234375,-0.00396728515625,0.002742767333984375,-0.04107666015625,0.0201416015625
17.330249547958374,115.6875,-0.005615234375,-0.0068817138671875,1.00390625,0.9990234375,-0.00418853759765625,0.003452301025390625,-0.04180908203125,0.0179595947265625
17.349364757537842,115.6875,-0.00524139404296875,-0.007106781005859375,1.0009765625,0.9990234375,-0.004199981689453125,0.003658294677734375,-0.042449951171875,0.018035888671875
17.36929726600647,115.6875,-0.00548553466796875,-0.00785064697265625,1.0,0.9990234375,-0.00411224365234375,0.0035152435302734375,-0.042572021484375,0.017486572265625
17.389323711395264,115.75,-0.00658416748046875,-0.00885772705078125,0.9990234375,0.9990234375,-0.0041046142578125,0.0033855438232421875,-0.042266845703125,0.017364501953125
17.409595251083374,115.8125,-0.004802703857421875,-0.00676727294921875,0.99755859375,0.9990234375,-0.00409698486328125,0.00344085693359375,-0.0423583984375,0.017303466796875
17.431559801101685,115.75,-0.00604248046875,-0.00687408447265625,1.001953125,0.9990234375,-0.00409698486328125,0.003429412841796875,-0.042388916015625,0.0173187255859375
17.44976019859314,115.75,-0.004665374755859375,-0.0091400146484375,1.0009765625,0.9990234375,-0.0041046142578125,0.0033016204833984375,-0.042083740234375,0.017303466796875
17.473482608795166,115.6875,-0.00643157958984375,-0.00885772705078125,1.0,0.9990234375,-0.004100799560546875,0.0033664703369140625,-0.04193115234375,0.017333984375
17.49231743812561,115.75,-0.006809234619140625,-0.008758544921875,1.0048828125,0.9990234375,-0.00409698486328125,0.003353118896484375,-0.041839599609375,0.0173492431640625
17.512773275375366,115.75,-0.007541656494140625,-0.006870269775390625,1.00390625,0.9990234375,-0.00411224365234375,0.003337860107421875,-0.041717529296875,0.017333984375
17.53212022781372,115.75,-0.00511932373046875,-0.007808685302734375,1.00390625,0.9990234375,-0.004123687744140625,0.0031719207763671875,-0.041748046875,0.017364501953125
17.550005435943604,115.6875,-0.007198333740234375,-0.007312774658203125,1.001953125,0.9990234375,-0.004119873046875,0.0033016204833984375,-0.041595458984375,0.017364501953125
17.56945538520813,115.6875,-0.005496978759765625,-0.008636474609375,0.99951171875,0.9990234375,-0.004119873046875,0.0032978057861328125,-0.041595458984375,0.0174102783203125
17.589510440826416,115.625,-0.0043182373046875,-0.007350921630859375,0.99951171875,0.9990234375,-0.004077911376953125,0.0035190582275390625,-0.04119873046875,0.0175018310546875
17.609689712524414,115.625,-0.0015716552734375,-0.00864410400390625,1.0009765625,0.9990234375,-0.0040740966796875,0.0035076141357421875,-0.041168212890625,0.0175628662109375
17.630264282226562,115.625,-0.00852203369140625,-0.006450653076171875,1.0048828125,0.9990234375,-0.0040283203125,0.003513336181640625,-0.0406494140625,0.0177001953125
17.652790784835815,115.625,-0.00786590576171875,-0.00772857666015625,1.0009765625,0.9990234375,-0.004024505615234375,0.0035152435302734375,-0.0406494140625,0.0177764892578125
17.6699378490448,115.6875,-0.006591796875,-0.007595062255859375,1.001953125,0.9990234375,-0.00395965576171875,0.0027942657470703125,-0.04058837890625,0.0175628662109375
17.68946146965027,115.75,-0.00661468505859375,-0.005100250244140625,1.0,0.9990234375,-0.0039520263671875,0.002788543701171875,-0.040618896484375,0.01763916015625
17.70929265022278,115.6875,-0.00447845458984375,-0.006931304931640625,1.001953125,0.9990234375,-0.00395965576171875,0.002796173095703125,-0.04058837890625,0.0177001953125
17.72889518737793,115.6875,-0.00782012939453125,-0.00827789306640625,0.99755859375,0.9990234375,-0.003971099853515625,0.0027904510498046875,-0.040618896484375,0.0177764892578125
17.749879360198975,115.6875,-0.005825042724609375,-0.007778167724609375,1.0009765625,0.9990234375,-0.003971099853515625,0.002773284912109375,-0.040618896484375,0.017852783203125
17.769537687301636,115.75,-0.00720977783203125,-0.007381439208984375,1.0029296875,0.9990234375,-0.003978729248046875,0.002788543701171875,-0.04058837890625,0.0179443359375
17.789003610610962,115.8125,-0.00731658935546875,-0.00655364990234375,1.005859375,0.9990234375,-0.003810882568359375,0.0021800994873046875,-0.04107666015625,0.017669677734375
17.80927324295044,115.75,-0.006439208984375,-0.00859832763671875,1.00390625,0.9990234375,-0.003826141357421875,0.002166748046875,-0.04107666015625,0.0177459716796875
17.828815698623657,115.75,-0.0044708251953125,-0.007526397705078125,1.0009765625,0.9990234375,-0.0037841796875,0.0021533966064453125,-0.041412353515625,0.017669677734375
17.849480152130127,115.6875,-0.00620269775390625,-0.0086517333984375,0.998046875,0.9990234375,-0.0037689208984375,0.0021381378173828125,-0.041595458984375,0.01763916015625
17.86927032470703,115.625,-0.0038204193115234375,-0.00890350341796875,0.9990234375,0.9990234375,-0.0037841796875,0.0021343231201171875,-0.041595458984375,0.0177154541015625
17.88932490348816,115.75,-0.00563812255859375,-0.00980377197265625,0.99853515625,0.9990234375,-0.0037784576416015625,0.0021228790283203125,-0.041595458984375,0.0178070068359375
17.90906834602356,115.6875,-0.005100250244140625,-0.0069580078125,1.0009765625,0.9990234375,-0.003810882568359375,0.002361297607421875,-0.0416259765625,0.017791748046875
17.93017077445984,115.75,-0.00714111328125,-0.00820159912109375,1.0029296875,0.9990234375,-0.0038013458251953125,0.0023860931396484375,-0.041595458984375,0.01788330078125
17.94882822036743,115.625,-0.005584716796875,-0.007190704345703125,1.0029296875,0.9990234375,-0.0037994384765625,0.0023651123046875,-0.041595458984375,0.0179901123046875
17.96951389312744,115.5625,-0.00756072998046875,-0.007110595703125,1.0068359375,0.9990234375,-0.0039520263671875,0.003253936767578125,-0.040985107421875,0.0167236328125
17.989104747772217,115.5625,-0.006443023681640625,-0.00690460205078125,0.9990234375,0.9990234375,-0.00397491455078125,0.0034961700439453125,-0.04052734375,0.01666259765625
18.010003805160522,115.625,-0.0073394775390625,-0.00632476806640625,1.0009765625,0.9990234375,-0.003963470458984375,0.00356292724609375,-0.040191650390625,0.0166778564453125
18.029343843460083,115.5625,-0.00644683837890625,-0.00897216796875,1.001953125,0.9990234375,-0.003948211669921875,0.003574371337890625,-0.039947509765625,0.0166778564453125
18.050087690353394,115.5625,-0.0087127685546875,-0.005153656005859375,1.0009765625,0.9990234375,-0.003948211669921875,0.0035552978515625,-0.0396728515625,0.0166778564453125
18.068702936172485,115.5625,-0.00684356689453125,-0.0104827880859375,1.00390625,0.9990234375,-0.003940582275390625,0.0034999847412109375,-0.03955078125,0.0166778564453125
18.08893132209778,115.5625,-0.0025768280029296875,-0.01128387451171875,1.001953125,0.9990234375,-0.00392913818359375,0.0034942626953125,-0.039459228515625,0.0166778564453125
18.108959674835205,115.5625,-0.004459381103515625,-0.0078277587890625,0.99853515625,0.9990234375,-0.0039215087890625,0.0034503936767578125,-0.039398193359375,0.0166778564453125
18.12935209274292,115.5,-0.004058837890625,-0.00637054443359375,0.9990234375,0.9990234375,-0.003932952880859375,0.003459930419921875,-0.039398193359375,0.016693115234375
18.148627996444702,115.5625,-0.004993438720703125,-0.00788116455078125,1.0009765625,0.9990234375,-0.0039520263671875,0.0030384063720703125,-0.039306640625,0.016693115234375
18.168941259384155,115.625,-0.00904083251953125,-0.007587432861328125,1.0,0.9990234375,-0.003971099853515625,0.0028839111328125,-0.039337158203125,0.0167083740234375
18.189406871795654,115.6875,-0.006801605224609375,-0.007144927978515625,1.0029296875,0.9990234375,-0.003993988037109375,0.0027599334716796875,-0.03936767578125,0.016754150390625
18.208890438079834,115.6875,-0.00833892822265625,-0.00946044921875,1.0048828125,0.9990234375,-0.0040283203125,0.0026760101318359375,-0.039398193359375,0.0167999267578125
18.229087352752686,115.6875,-0.005558013916015625,-0.00839996337890625,1.001953125,0.9990234375,-0.004032135009765625,0.0025730133056640625,-0.039459228515625,0.016876220703125
18.24916648864746,115.6875,-0.00786590576171875,-0.00760650634765625,1.0009765625,0.9990234375,-0.004032135009765625,0.0025634765625,-0.03948974609375,0.0169525146484375
18.268869876861572,115.6875,-0.004978179931640625,-0.00798797607421875,0.99853515625,0.9990234375,-0.00403594970703125,0.0025348663330078125,-0.03948974609375,0.0170440673828125
18.28911828994751,115.6875,-0.0082244873046875,-0.004421234130859375,1.0029296875,0.9990234375,-0.004047393798828125,0.00255584716796875,-0.03948974609375,0.0171356201171875
18.309319019317627,115.625,-0.004123687744140625,-0.0089263916015625,1.00390625,0.9990234375,-0.004047393798828125,0.0025386810302734375,-0.03948974609375,0.017242431640625
18.32864236831665,115.625,-0.00798797607421875,-0.007472991943359375,1.00390625,0.9990234375,-0.004047393798828125,0.002513885498046875,-0.03948974609375,0.0173492431640625
18.348962783813477,115.5625,-0.0066986083984375,-0.00739288330078125,1.0,0.9990234375,-0.004070281982421875,0.0025730133056640625,-0.03985595703125,0.0169525146484375
18.36931014060974,115.5625,-0.00203704833984375,-0.0081787109375,0.998046875,0.9990234375,-0.004058837890625,0.0025177001953125,-0.040252685546875,0.01690673828125
18.389522552490234,115.5625,-0.006256103515625,-0.0114288330078125,0.99755859375,0.9990234375,-0.00403594970703125,0.0024585723876953125,-0.04083251953125,0.01678466796875
18.409733057022095,115.5625,-0.00677490234375,-0.010040283203125,0.99951171875,0.9990234375,-0.004047393798828125,0.002410888671875,-0.041259765625,0.01678466796875
18.42958116531372,115.625,-0.0042266845703125,-0.0094146728515625,0.9990234375,0.9990234375,-0.00405120849609375,0.0023708343505859375,-0.041656494140625,0.0167999267578125
18.450000286102295,115.625,-0.0063018798828125,-0.009002685546875,1.0029296875,0.9990234375,-0.00406646728515625,0.0023059844970703125,-0.042022705078125,0.0168609619140625
18.469021558761597,115.625,-0.00814056396484375,-0.00937652587890625,1.001953125,0.9990234375,-0.00408172607421875,0.00214385986328125,-0.042572021484375,0.0169525146484375
18.48887538909912,115.6875,-0.0057220458984375,-0.006877899169921875,1.0048828125,0.9990234375,-0.00408935546875,0.00247955322265625,-0.04217529296875,0.0169677734375
18.5090229511261,115.75,-0.007381439208984375,-0.007061004638671875,1.001953125,0.9990234375,-0.00408935546875,0.00249481201171875,-0.04217529296875,0.01702880859375
18.528605222702026,115.75,-0.00569915771484375,-0.00782012939453125,0.99853515625,0.9990234375,-0.004085540771484375,0.0024852752685546875,-0.04217529296875,0.01708984375
18.548978805541992,115.8125,-0.006031036376953125,-0.009918212890625,0.9990234375,0.9990234375,-0.004047393798828125,0.002994537353515625,-0.04180908203125,0.01708984375
18.56929302215576,115.75,-0.00562286376953125,-0.0094146728515625,1.0009765625,0.9990234375,-0.004032135009765625,0.0031642913818359375,-0.04150390625,0.0171051025390625
18.58871817588806,115.75,-0.0028591156005859375,-0.00981903076171875,1.0009765625,0.9990234375,-0.00402069091796875,0.0032100677490234375,-0.041259765625,0.01715087890625
18.608861923217773,115.6875,-0.007709503173828125,-0.0082550048828125,1.0029296875,0.9990234375,-0.00402069091796875,0.003269195556640625,-0.04107666015625,0.0171966552734375
18.62917709350586,115.6875,-0.0032978057861328125,-0.0069122314453125,1.0029296875,0.9990234375,-0.00402069091796875,0.0032596588134765625,-0.04095458984375,0.0172271728515625
18.650740146636963,115.75,-0.00800323486328125,-0.006351470947265625,1.0029296875,0.9990234375,-0.0040435791015625,0.0032367706298828125,-0.0408935546875,0.0172882080078125
18.668509244918823,115.6875,-0.006618499755859375,-0.00742340087890625,1.001953125,0.9990234375,-0.004062652587890625,0.002838134765625,-0.041168212890625,0.01751708984375
18.690473556518555,115.6875,-0.00768280029296875,-0.00911712646484375,1.0009765625,0.9990234375,-0.004077911376953125,0.002681732177734375,-0.041351318359375,0.017547607421875
18.709357023239136,115.625,-0.0059967041015625,-0.00861358642578125,0.9990234375,0.9990234375,-0.004085540771484375,0.0024662017822265625,-0.041534423828125,0.0175933837890625
18.72870635986328,115.5625,-0.00429534912109375,-0.00804901123046875,1.0029296875,0.9990234375,-0.004116058349609375,0.0027618408203125,-0.0416259765625,0.0175628662109375
18.748676776885986,115.5625,-0.0066680908203125,-0.00942230224609375,1.0009765625,0.9990234375,-0.004108428955078125,0.0027484893798828125,-0.0416259765625,0.01763916015625
18.76913595199585,115.5625,-0.0064544677734375,-0.007785797119140625,0.99853515625,0.9990234375,-0.004093170166015625,0.0023937225341796875,-0.041778564453125,0.01776123046875
18.78866410255432,115.625,-0.0036487579345703125,-0.00936126708984375,1.001953125,0.9990234375,-0.00408935546875,0.0022983551025390625,-0.0418701171875,0.0178070068359375
18.80901861190796,115.625,-0.004329681396484375,-0.0066070556640625,0.99951171875,0.9990234375,-0.00408172607421875,0.0022792816162109375,-0.0418701171875,0.017913818359375
18.829339742660522,115.625,-0.00603485107421875,-0.008087158203125,1.0009765625,0.9990234375,-0.00405120849609375,0.0023059844970703125,-0.04193115234375,0.0179595947265625
18.84873390197754,115.6875,-0.006778717041015625,-0.007625579833984375,1.0009765625,0.9990234375,-0.00405120849609375,0.0023651123046875,-0.04205322265625,0.0179901123046875
18.869029998779297,115.5625,-0.006153106689453125,-0.0074920654296875,1.0,0.9990234375,-0.004047393798828125,0.00240325927734375,-0.04217529296875,0.01800537109375
18.888965606689453,115.625,-0.005962371826171875,-0.00817108154296875,1.0009765625,0.9990234375,-0.00405120849609375,0.0023899078369140625,-0.04217529296875,0.018096923828125
18.90877866744995,115.625,-0.005405426025390625,-0.008056640625,1.001953125,0.9990234375,-0.00405120849609375,0.00255584716796875,-0.0423583984375,0.0180206298828125
18.928934574127197,115.6875,-0.006809234619140625,-0.0078277587890625,0.99853515625,0.9990234375,-0.004024505615234375,0.0026416778564453125,-0.042633056640625,0.0179290771484375
18.9499671459198,115.6875,-0.0061492919921875,-0.006725311279296875,1.00390625,0.9990234375,-0.004016876220703125,0.0027217864990234375,-0.0428466796875,0.0178680419921875
18.96970510482788,115.6875,-0.005596160888671875,-0.006168365478515625,1.0029296875,0.9990234375,-0.004016876220703125,0.00278472900390625,-0.0430908203125,0.017822265625
18.988731622695923,115.6875,-0.005096435546875,-0.006603240966796875,1.005859375,0.9990234375,-0.003997802734375,0.0028228759765625,-0.043304443359375,0.01776123046875
19.009181261062622,115.75,-0.00656890869140625,-0.0085906982421875,1.001953125,0.9990234375,-0.00408172607421875,0.0035419464111328125,-0.04364013671875,0.0171966552734375
19.02890181541443,115.75,-0.00328826904296875,-0.00878143310546875,1.001953125,0.9990234375,-0.0040740966796875,0.003566741943359375,-0.043609619140625,0.0171661376953125
19.049144506454468,115.6875,-0.00390625,-0.00972747802734375,1.0,0.9990234375,-0.004070281982421875,0.0035457611083984375,-0.043609619140625,0.01715087890625
19.068965911865234,115.6875,-0.004634857177734375,-0.0087127685546875,1.0009765625,0.9990234375,-0.00408172607421875,0.003570556640625,-0.043609619140625,0.01715087890625
19.091347217559814,115.625,-0.0054931640625,-0.0097808837890625,1.001953125,0.9990234375,-0.004016876220703125,0.00341033935546875,-0.044464111328125,0.01715087890625
19.10870361328125,115.6875,-0.004695892333984375,-0.009735107421875,1.0,0.9990234375,-0.003997802734375,0.0032749176025390625,-0.045135498046875,0.0172119140625
19.12875199317932,115.6875,-0.005573272705078125,-0.006778717041015625,1.001953125,0.9990234375,-0.00399017333984375,0.0031948089599609375,-0.045684814453125,0.0172271728515625
19.15010380744934,115.6875,-0.006839752197265625,-0.006885528564453125,1.0029296875,0.9990234375,-0.00399017333984375,0.003093719482421875,-0.046234130859375,0.0172576904296875
19.168977975845337,115.625,-0.007266998291015625,-0.00838470458984375,1.00390625,0.9990234375,-0.00397491455078125,0.0030002593994140625,-0.046600341796875,0.017242431640625
19.189943075180054,115.625,-0.00942230224609375,-0.00945281982421875,1.001953125,0.9990234375,-0.00395965576171875,0.0029735565185546875,-0.046600341796875,0.01727294921875
19.21010994911194,115.625,-0.00426483154296875,-0.00815582275390625,1.0,0.9990234375,-0.003963470458984375,0.0032024383544921875,-0.04669189453125,0.017303466796875
19.228945016860962,115.625,-0.003269195556640625,-0.0083770751953125,1.0009765625,0.9990234375,-0.003940582275390625,0.0032749176025390625,-0.046783447265625,0.017333984375
19.249504327774048,115.5625,-0.0036945343017578125,-0.008697509765625,0.99853515625,0.9990234375,-0.003932952880859375,0.0032749176025390625,-0.046783447265625,0.0173797607421875
19.26915693283081,115.5625,-0.006805419921875,-0.0082244873046875,0.99853515625,0.9990234375,-0.003925323486328125,0.0032806396484375,-0.046783447265625,0.01739501953125
19.289059162139893,115.5625,-0.0079803466796875,-0.01071929931640625,1.0,0.9990234375,-0.00394439697265625,0.00327301025390625,-0.046783447265625,0.0174407958984375
19.310494422912598,115.5625,-0.006622314453125,-0.005260467529296875,1.0029296875,0.9990234375,-0.00395965576171875,0.0032501220703125,-0.046783447265625,0.0175018310546875
19.32884120941162,115.625,-0.00823211669921875,-0.0063934326171875,1.00390625,0.9990234375,-0.0039215087890625,0.00279998779296875,-0.0469970703125,0.017120361328125
19.34891176223755,115.625,-0.00774383544921875,-0.007534027099609375,1.0029296875,0.9990234375,-0.003910064697265625,0.0026073455810546875,-0.04705810546875,0.016998291015625
19.369246006011963,115.625,-0.00542449951171875,-0.00984954833984375,1.001953125,0.9990234375,-0.003917694091796875,0.002471923828125,-0.047027587890625,0.0168609619140625
19.388907194137573,115.625,-0.006000518798828125,-0.0087890625,1.001953125,0.9990234375,-0.00391387939453125,0.0023517608642578125,-0.047119140625,0.0167694091796875
19.408560752868652,115.625,-0.00534820556640625,-0.0095367431640625,1.0,0.9990234375,-0.0039215087890625,0.0022430419921875,-0.047149658203125,0.01666259765625
19.42868137359619,115.625,-0.0042572021484375,-0.0081634521484375,0.99853515625,0.9990234375,-0.003917694091796875,0.002410888671875,-0.046783447265625,0.01666259765625
19.44896650314331,115.625,-0.0030651092529296875,-0.01025390625,0.99951171875,0.9990234375,-0.003936767578125,0.002117156982421875,-0.046905517578125,0.01678466796875
19.468567371368408,115.625,-0.004932403564453125,-0.0092315673828125,1.0,0.9990234375,-0.003925323486328125,0.0021266937255859375,-0.046875,0.016815185546875
19.488338708877563,115.625,-0.008453369140625,-0.006732940673828125,1.0,0.9990234375,-0.003948211669921875,0.0020751953125,-0.04705810546875,0.0168914794921875
19.508601188659668,115.625,-0.00675201416015625,-0.00942230224609375,1.0029296875,0.9990234375,-0.003963470458984375,0.0020313262939453125,-0.04705810546875,0.016937255859375
19.52885913848877,115.625,-0.007633209228515625,-0.006526947021484375,1.0009765625,0.9990234375,-0.003997802734375,0.002124786376953125,-0.047119140625,0.0169219970703125
19.55302381515503,115.6875,-0.0069580078125,-0.00762176513671875,1.00390625,0.9990234375,-0.0040130615234375,0.0021800994873046875,-0.047119140625,0.01690673828125
19.57191491127014,115.6875,-0.008148193359375,-0.007595062255859375,1.001953125,0.9990234375,-0.00403594970703125,0.002208709716796875,-0.04705810546875,0.016937255859375
19.5889995098114,115.75,-0.004703521728515625,-0.00897216796875,1.0009765625,0.9990234375,-0.0040435791015625,0.00231170654296875,-0.0469970703125,0.0169219970703125
19.60914373397827,115.625,-0.003787994384765625,-0.010101318359375,1.0009765625,0.9990234375,-0.0040435791015625,0.002277374267578125,-0.0469970703125,0.0169525146484375
19.6285343170166,115.625,-0.006381988525390625,-0.0107421875,1.0009765625,0.9990234375,-0.004032135009765625,0.0022754669189453125,-0.0469970703125,0.016998291015625
19.64925789833069,115.625,-0.0032196044921875,-0.00733184814453125,1.0009765625,0.9990234375,-0.00405120849609375,0.002292633056640625,-0.0469970703125,0.017059326171875
19.668647527694702,115.625,-0.0038051605224609375,-0.00769805908203125,1.0009765625,0.9990234375,-0.004177093505859375,0.0035305023193359375,-0.0457763671875,0.016387939453125
19.6882746219635,115.5625,-0.00441741943359375,-0.00968170166015625,1.001953125,0.9990234375,-0.004169464111328125,0.0038204193115234375,-0.04461669921875,0.0163726806640625
19.708503484725952,115.6875,-0.0094757080078125,-0.00713348388671875,1.001953125,0.9990234375,-0.004150390625,0.003910064697265625,-0.04351806640625,0.016357421875
19.728717803955078,115.625,-0.005649566650390625,-0.0086669921875,1.0009765625,0.9990234375,-0.0041351318359375,0.003925323486328125,-0.042510986328125,0.016357421875
19.748539447784424,115.625,-0.005931854248046875,-0.006908416748046875,0.9990234375,0.9990234375,-0.0041351318359375,0.003910064697265625,-0.04254150390625,0.016357421875
19.768264770507812,115.625,-0.00861358642578125,-0.00653839111328125,1.0048828125,0.9990234375,-0.00415802001953125,0.003269195556640625,-0.0426025390625,0.01654052734375
19.788477659225464,115.6875,-0.00574493408203125,-0.0096282958984375,1.001953125,0.9990234375,-0.00417327880859375,0.003009796142578125,-0.042724609375,0.016693115234375
19.808542013168335,115.6875,-0.006771087646484375,-0.0090179443359375,1.0009765625,0.9990234375,-0.00418853759765625,0.0028743743896484375,-0.0428466796875,0.016815185546875
19.828169107437134,115.6875,-0.006103515625,-0.0075836181640625,1.001953125,0.9990234375,-0.004184722900390625,0.002834320068359375,-0.042999267578125,0.016876220703125
19.848371267318726,115.75,-0.00795745849609375,-0.01004791259765625,0.99853515625,0.9990234375,-0.004192352294921875,0.0028171539306640625,-0.043121337890625,0.0169677734375
19.868638515472412,115.75,-0.00579833984375,-0.0085601806640625,1.0009765625,0.9990234375,-0.004192352294921875,0.0028553009033203125,-0.043182373046875,0.0170135498046875
19.888519525527954,115.75,-0.006317138671875,-0.0099029541015625,1.0029296875,0.9990234375,-0.004192352294921875,0.00286865234375,-0.0433349609375,0.017059326171875
19.908666610717773,115.75,-0.005893707275390625,-0.00846099853515625,1.0029296875,0.9990234375,-0.004180908203125,0.0028839111328125,-0.04339599609375,0.0171051025390625
19.928965091705322,115.75,-0.003204345703125,-0.00725555419921875,1.0,0.9990234375,-0.004192352294921875,0.0028514862060546875,-0.04339599609375,0.0171966552734375
19.94914746284485,115.75,-0.0074615478515625,-0.0083160400390625,1.0029296875,0.9990234375,-0.0041961669921875,0.0028076171875,-0.04339599609375,0.0172882080078125
19.96872115135193,115.6875,-0.005706787109375,-0.00728607177734375,1.001953125,0.9990234375,-0.00418853759765625,0.00281524658203125,-0.04339599609375,0.01739501953125
19.98830223083496,115.6875,-0.00527191162109375,-0.006565093994140625,1.001953125,0.9990234375,-0.00418853759765625,0.002834320068359375,-0.04339599609375,0.0175018310546875
20.008499145507812,115.6875,-0.007068634033203125,-0.006778717041015625,1.001953125,0.9990234375,-0.00418853759765625,0.002834320068359375,-0.04339599609375,0.0176239013671875
20.028450965881348,115.625,-0.00734710693359375,-0.007503509521484375,1.0009765625,0.9990234375,-0.004192352294921875,0.002803802490234375,-0.043426513671875,0.0177459716796875
20.049159288406372,115.6875,-0.006343841552734375,-0.00728607177734375,1.0009765625,0.9990234375,-0.00420379638671875,0.00279998779296875,-0.04339599609375,0.01788330078125
20.06899619102478,115.6875,-0.005229949951171875,-0.00762176513671875,1.001953125,0.9990234375,-0.004268646240234375,0.0038166046142578125,-0.042236328125,0.0173187255859375
20.088491439819336,115.75,-0.00688934326171875,-0.00893402099609375,1.0,0.9990234375,-0.004238128662109375,0.0038585662841796875,-0.041259765625,0.017425537109375
20.10815691947937,115.6875,-0.005878448486328125,-0.0069427490234375,1.001953125,0.9990234375,-0.004241943359375,0.003795623779296875,-0.04052734375,0.01751708984375
20.12832546234131,115.6875,-0.007049560546875,-0.0088958740234375,1.0009765625,0.9990234375,-0.004245758056640625,0.003757476806640625,-0.039825439453125,0.0175933837890625
20.151755332946777,115.6875,-0.00521087646484375,-0.006076812744140625,1.0029296875,0.9990234375,-0.004199981689453125,0.0035858154296875,-0.03857421875,0.017730712890625
20.172476530075073,115.625,-0.004627227783203125,-0.00806427001953125,1.0029296875,0.9990234375,-0.004180908203125,0.0034885406494140625,-0.038116455078125,0.017822265625
20.191659212112427,115.5625,-0.0044403076171875,-0.006694793701171875,1.0029296875,0.99951171875,-0.004154205322265625,0.0033931732177734375,-0.037628173828125,0.0179443359375
20.20927357673645,115.5625,-0.005710601806640625,-0.00955963134765625,1.0009765625,0.99951171875,-0.00415802001953125,0.003383636474609375,-0.037628173828125,0.0180206298828125
20.233782529830933,115.625,-0.00679779052734375,-0.00629425048828125,1.0029296875,0.99951171875,-0.0040130615234375,0.002780914306640625,-0.037689208984375,0.01702880859375
20.248278379440308,115.625,-0.006099700927734375,-0.00870513916015625,0.9990234375,0.99951171875,-0.00402069091796875,0.0027561187744140625,-0.037689208984375,0.0170745849609375
20.27429461479187,115.625,-0.0056915283203125,-0.00746917724609375,1.0009765625,0.9990234375,-0.00406646728515625,0.00266265869140625,-0.038299560546875,0.0169677734375
20.29427671432495,115.5625,-0.006053924560546875,-0.0077362060546875,1.001953125,0.9990234375,-0.004055023193359375,0.0026702880859375,-0.038299560546875,0.0170135498046875
20.31075143814087,115.5625,-0.006595611572265625,-0.0068511962890625,1.0009765625,0.9990234375,-0.004055023193359375,0.0027637481689453125,-0.038482666015625,0.0169830322265625
20.33053708076477,115.625,-0.005908966064453125,-0.00907135009765625,1.00390625,0.9990234375,-0.004062652587890625,0.0028858184814453125,-0.03814697265625,0.0169830322265625
20.351672410964966,115.625,-0.00594329833984375,-0.00995635986328125,0.99951171875,0.99951171875,-0.004058837890625,0.00296783447265625,-0.037841796875,0.0170440673828125
20.369557857513428,115.625,-0.0045166015625,-0.01000213623046875,0.99951171875,0.99951171875,-0.00406646728515625,0.00299835205078125,-0.037567138671875,0.01708984375
20.388002395629883,115.625,-0.00498199462890625,-0.007564544677734375,1.0,0.99951171875,-0.004070281982421875,0.0030117034912109375,-0.037322998046875,0.0171661376953125
20.40845489501953,115.625,-0.005252838134765625,-0.007228851318359375,1.0,0.99951171875,-0.004062652587890625,0.0030040740966796875,-0.037322998046875,0.017242431640625
20.430305004119873,115.625,-0.00405120849609375,-0.00749969482421875,1.001953125,0.99951171875,-0.004055023193359375,0.0030040740966796875,-0.037322998046875,0.0173187255859375
20.44830632209778,115.5625,-0.005908966064453125,-0.0078125,0.9990234375,0.99951171875,-0.004055023193359375,0.0029010772705078125,-0.037139892578125,0.0174407958984375
20.468116998672485,115.5,-0.00460052490234375,-0.00885772705078125,1.00390625,0.9990234375,-0.004001617431640625,0.0022735595703125,-0.03802490234375,0.0171356201171875
20.488783836364746,115.5625,-0.00759124755859375,-0.00765228271484375,1.0029296875,0.9990234375,-0.004024505615234375,0.00228118896484375,-0.03802490234375,0.0172119140625
20.508006811141968,115.625,-0.005352020263671875,-0.00719451904296875,1.001953125,0.9990234375,-0.004024505615234375,0.002277374267578125,-0.037994384765625,0.017303466796875
20.528271198272705,115.625,-0.004817962646484375,-0.007717132568359375,1.001953125,0.9990234375,-0.004055023193359375,0.0022602081298828125,-0.037994384765625,0.01739501953125
20.548914909362793,115.5625,-0.0038166046142578125,-0.0108795166015625,1.0,0.9990234375,-0.00406646728515625,0.0022411346435546875,-0.037994384765625,0.017486572265625
20.56874394416809,115.5,-0.007274627685546875,-0.00850677490234375,1.0,0.9990234375,-0.0040283203125,0.0019702911376953125,-0.038818359375,0.0175628662109375
20.588282108306885,115.5625,-0.00547027587890625,-0.00927734375,1.001953125,0.9990234375,-0.0040130615234375,0.0019283294677734375,-0.039825439453125,0.0175628662109375
20.608441591262817,115.5625,-0.00441741943359375,-0.007190704345703125,1.0,0.9990234375,-0.003997802734375,0.0019817352294921875,-0.040740966796875,0.0175933837890625
20.62804889678955,115.625,-0.00569915771484375,-0.0079345703125,1.001953125,0.9990234375,-0.00399017333984375,0.002040863037109375,-0.041534423828125,0.017578125
20.648271799087524,115.5625,-0.00335693359375,-0.009521484375,1.00390625,0.9990234375,-0.003978729248046875,0.002109527587890625,-0.0423583984375,0.017578125
20.668397665023804,115.5625,-0.00669097900390625,-0.006084442138671875,1.0009765625,0.9990234375,-0.003963470458984375,0.00217437744140625,-0.0430908203125,0.017547607421875
20.688267469406128,115.5625,-0.00691986083984375,-0.00814056396484375,1.0029296875,0.9990234375,-0.003955841064453125,0.0022430419921875,-0.043792724609375,0.0175018310546875
20.713583946228027,115.625,-0.00914764404296875,-0.0078125,0.99951171875,0.9990234375,-0.00406646728515625,0.00276947021484375,-0.043914794921875,0.0166473388671875
20.733179092407227,115.6875,-0.006011962890625,-0.006641387939453125,1.0029296875,0.9990234375,-0.0040740966796875,0.00274658203125,-0.043914794921875,0.016632080078125
20.75391125679016,115.5625,-0.0068206787109375,-0.005306243896484375,1.0029296875,0.9990234375,-0.004058837890625,0.00287628173828125,-0.043670654296875,0.0165863037109375
20.773643732070923,115.5625,-0.004856109619140625,-0.00640106201171875,1.001953125,0.9990234375,-0.00406646728515625,0.002979278564453125,-0.04339599609375,0.0165252685546875
20.78844904899597,115.5625,-0.005954742431640625,-0.01032257080078125,1.0,0.9990234375,-0.0040740966796875,0.003070831298828125,-0.04290771484375,0.0164794921875
20.811549425125122,115.5625,-0.004039764404296875,-0.0095367431640625,1.0029296875,0.9990234375,-0.004077911376953125,0.0029926300048828125,-0.0433349609375,0.0164794921875
20.833540678024292,115.5625,-0.00371551513671875,-0.00824737548828125,1.0009765625,0.9990234375,-0.004058837890625,0.0032806396484375,-0.04248046875,0.016448974609375
20.8486111164093,115.5625,-0.005474090576171875,-0.00414276123046875,1.00390625,0.9990234375,-0.004058837890625,0.0032939910888671875,-0.04205322265625,0.0164794921875
20.872612953186035,115.5625,-0.00792694091796875,-0.0070037841796875,1.0,0.9990234375,-0.00406646728515625,0.003185272216796875,-0.042388916015625,0.01654052734375
20.889095067977905,115.5625,-0.007015228271484375,-0.005950927734375,1.001953125,0.9990234375,-0.004058837890625,0.003139495849609375,-0.042694091796875,0.016571044921875
20.90797781944275,115.5625,-0.007663726806640625,-0.0087738037109375,1.0029296875,0.9990234375,-0.004055023193359375,0.003108978271484375,-0.042694091796875,0.0165863037109375
20.92927384376526,115.5625,-0.00782012939453125,-0.00891876220703125,1.0009765625,0.9990234375,-0.004062652587890625,0.003078460693359375,-0.042694091796875,0.016632080078125
20.947893619537354,115.5625,-0.003421783447265625,-0.00873565673828125,0.99951171875,0.9990234375,-0.00406646728515625,0.003055572509765625,-0.042694091796875,0.01666259765625
20.9722101688385,115.625,-0.00489044189453125,-0.010498046875,1.0029296875,0.9990234375,-0.004058837890625,0.0030498504638671875,-0.042694091796875,0.016693115234375
20.9917471408844,115.5,-0.0038433074951171875,-0.0093841552734375,0.99951171875,0.9990234375,-0.003993988037109375,0.003360748291015625,-0.04150390625,0.0166778564453125
21.011710166931152,115.5625,-0.006031036376953125,-0.007274627685546875,1.0,0.9990234375,-0.003993988037109375,0.0034313201904296875,-0.040618896484375,0.0166778564453125
21.032077312469482,115.5,-0.0078277587890625,-0.007266998291015625,1.001953125,0.9990234375,-0.004009246826171875,0.0034122467041015625,-0.040618896484375,0.0167083740234375
21.047892332077026,115.5625,-0.008026123046875,-0.00406646728515625,1.0029296875,0.9990234375,-0.003978729248046875,0.00336456298828125,-0.03955078125,0.0166168212890625
21.067984580993652,115.5625,-0.0078277587890625,-0.007534027099609375,1.00390625,0.9990234375,-0.00396728515625,0.0032329559326171875,-0.039520263671875,0.016632080078125
21.088881254196167,115.625,-0.00499725341796875,-0.006290435791015625,1.0029296875,0.9990234375,-0.003978729248046875,0.0032100677490234375,-0.03955078125,0.0166778564453125
21.10851550102234,115.5625,-0.0025005340576171875,-0.007312774658203125,1.0009765625,0.9990234375,-0.0039825439453125,0.0035686492919921875,-0.038726806640625,0.01666259765625
21.129502058029175,115.5625,-0.00612640380859375,-0.01093292236328125,1.0009765625,0.9990234375,-0.003978729248046875,0.003551483154296875,-0.038726806640625,0.016693115234375
21.148286819458008,115.625,-0.004810333251953125,-0.008209228515625,1.0009765625,0.9990234375,-0.003993988037109375,0.003536224365234375,-0.0386962890625,0.0167388916015625
21.167933225631714,115.5,-0.00687408447265625,-0.0087738037109375,0.998046875,0.9990234375,-0.00396728515625,0.0028400421142578125,-0.03857421875,0.016876220703125
21.187976598739624,115.625,-0.004177093505859375,-0.00920867919921875,1.0,0.9990234375,-0.003925323486328125,0.00258636474609375,-0.0384521484375,0.0169219970703125
21.208265781402588,115.6875,-0.0054779052734375,-0.00823974609375,0.9990234375,0.99951171875,-0.003978729248046875,0.002838134765625,-0.03753662109375,0.016693115234375
21.228691577911377,115.6875,-0.004535675048828125,-0.00838470458984375,1.001953125,0.99951171875,-0.00399017333984375,0.0029506683349609375,-0.03668212890625,0.0166168212890625
21.248936414718628,115.6875,-0.00881195068359375,-0.005954742431640625,1.0,0.99951171875,-0.0039825439453125,0.0030269622802734375,-0.03607177734375,0.0166015625
21.268282413482666,115.75,-0.006061553955078125,-0.005886077880859375,1.001953125,0.99951171875,-0.003963470458984375,0.00313568115234375,-0.035430908203125,0.01654052734375
21.288524389266968,115.625,-0.00534820556640625,-0.0093231201171875,1.0009765625,0.99951171875,-0.0039825439453125,0.0031871795654296875,-0.035003662109375,0.01654052734375
21.30883550643921,115.5625,-0.006336212158203125,-0.0102386474609375,1.0048828125,0.99951171875,-0.003986358642578125,0.0032958984375,-0.034576416015625,0.0165557861328125
21.328306198120117,115.5625,-0.00740814208984375,-0.007633209228515625,1.001953125,0.99951171875,-0.003971099853515625,0.003040313720703125,-0.034637451171875,0.01654052734375
21.348423719406128,115.5625,-0.006877899169921875,-0.00649261474609375,1.0,0.99951171875,-0.003993988037109375,0.0028743743896484375,-0.034637451171875,0.0166473388671875
21.36870503425598,115.625,-0.00933074951171875,-0.008026123046875,1.0029296875,0.99951171875,-0.003993988037109375,0.0028591156005859375,-0.034637451171875,0.0166778564453125
21.388155460357666,115.625,-0.004428863525390625,-0.008575439453125,1.0009765625,0.99951171875,-0.003986358642578125,0.00283050537109375,-0.034637451171875,0.0167388916015625
21.409273862838745,115.6875,-0.004726409912109375,-0.00830841064453125,1.001953125,0.99951171875,-0.00399017333984375,0.00278472900390625,-0.034637451171875,0.01678466796875
21.428590536117554,115.625,-0.004695892333984375,-0.010223388671875,0.9970703125,0.99951171875,-0.00399017333984375,0.0028209686279296875,-0.03466796875,0.0168609619140625
21.44863510131836,115.625,-0.005031585693359375,-0.008056640625,1.0,0.99951171875,-0.0039825439453125,0.0025959014892578125,-0.034759521484375,0.0169830322265625
21.469106674194336,115.5625,-0.007183074951171875,-0.00872039794921875,0.99853515625,0.99951171875,-0.0039825439453125,0.0025634765625,-0.034912109375,0.0170440673828125
21.48812508583069,115.625,-0.00795745849609375,-0.009796142578125,1.0029296875,0.99951171875,-0.004062652587890625,0.002956390380859375,-0.034423828125,0.0167083740234375
21.50832223892212,115.625,-0.00409698486328125,-0.005535125732421875,1.001953125,0.99951171875,-0.004055023193359375,0.003208160400390625,-0.033935546875,0.0167236328125
21.528184175491333,115.625,-0.005126953125,-0.00797271728515625,1.0029296875,0.99951171875,-0.00406646728515625,0.003208160400390625,-0.033935546875,0.016754150390625
21.548305988311768,115.625,-0.00659942626953125,-0.00785064697265625,1.0029296875,0.99951171875,-0.00406646728515625,0.0032939910888671875,-0.033416748046875,0.016754150390625
21.568291187286377,115.6875,-0.004730224609375,-0.01177215576171875,1.0029296875,0.99951171875,-0.00405120849609375,0.00324249267578125,-0.03302001953125,0.016815185546875
21.58787512779236,115.75,-0.0084228515625,-0.007617950439453125,1.0029296875,0.99951171875,-0.004047393798828125,0.00323486328125,-0.033050537109375,0.0168609619140625
21.607900381088257,115.6875,-0.00719451904296875,-0.00943756103515625,1.001953125,0.99951171875,-0.00405120849609375,0.0031890869140625,-0.032135009765625,0.016876220703125
21.628378868103027,115.625,-0.00860595703125,-0.01030731201171875,1.00390625,0.99951171875,-0.004055023193359375,0.0031490325927734375,-0.031768798828125,0.0169219970703125
21.647743463516235,115.625,-0.00623321533203125,-0.00911712646484375,1.0009765625,0.99951171875,-0.004058837890625,0.003078460693359375,-0.0313720703125,0.0169525146484375
21.66804552078247,115.625,-0.004489898681640625,-0.00942230224609375,1.0,0.99951171875,-0.004062652587890625,0.003093719482421875,-0.0313720703125,0.01702880859375
21.68765687942505,115.6875,-0.002655029296875,-0.01032257080078125,0.9990234375,0.99951171875,-0.004108428955078125,0.002979278564453125,-0.0310821533203125,0.017059326171875
21.7084059715271,115.6875,-0.0017824172973632812,-0.0088958740234375,0.99755859375,0.99951171875,-0.004131317138671875,0.0028896331787109375,-0.030792236328125,0.01708984375
21.727967023849487,115.625,-0.0035610198974609375,-0.00899505615234375,1.0009765625,0.99951171875,-0.004154205322265625,0.0028076171875,-0.03057861328125,0.0171051025390625
21.748090744018555,115.6875,-0.0032806396484375,-0.01033782958984375,1.001953125,0.99951171875,-0.004138946533203125,0.0028057098388671875,-0.030609130859375,0.017181396484375
21.76779794692993,115.6875,-0.005756378173828125,-0.007778167724609375,1.001953125,0.99951171875,-0.00415802001953125,0.0027217864990234375,-0.0304718017578125,0.0172119140625
21.78766894340515,115.6875,-0.00960540771484375,-0.00725555419921875,1.0029296875,0.99951171875,-0.004161834716796875,0.0026569366455078125,-0.030364990234375,0.0172119140625
21.80929446220398,115.6875,-0.00762176513671875,-0.00627899169921875,1.0029296875,0.99951171875,-0.004138946533203125,0.0021495819091796875,-0.03131103515625,0.0168304443359375
21.828101634979248,115.625,-0.00481414794921875,-0.005542755126953125,1.001953125,0.99951171875,-0.004169464111328125,0.001987457275390625,-0.032257080078125,0.0169677734375
21.851755380630493,115.6875,-0.006603240966796875,-0.006855010986328125,1.0029296875,0.99951171875,-0.00418853759765625,0.001956939697265625,-0.03314208984375,0.0170745849609375
21.872119188308716,115.6875,-0.00782012939453125,-0.00902557373046875,1.005859375,0.99951171875,-0.004169464111328125,0.0019407272338867188,-0.034881591796875,0.0171356201171875
21.891504287719727,115.6875,-0.00591278076171875,-0.01019287109375,1.0009765625,0.99951171875,-0.004169464111328125,0.0019426345825195312,-0.034881591796875,0.017242431640625
21.91164517402649,115.6875,-0.006496429443359375,-0.0104522705078125,1.001953125,0.99951171875,-0.004169464111328125,0.0020542144775390625,-0.03631591796875,0.0172882080078125
21.930277347564697,115.625,-0.004322052001953125,-0.006671905517578125,0.99951171875,0.99951171875,-0.004180908203125,0.0020618438720703125,-0.03631591796875,0.01739501953125
21.95048499107361,115.625,-0.007740020751953125,-0.0111846923828125,1.0,0.99951171875,-0.0041961669921875,0.002140045166015625,-0.036956787109375,0.017486572265625
21.970182418823242,115.5625,-0.00554656982421875,-0.010345458984375,1.0009765625,0.99951171875,-0.00418853759765625,0.0022144317626953125,-0.03753662109375,0.0175323486328125
21.991191387176514,115.625,-0.0082550048828125,-0.00945281982421875,1.00390625,0.9990234375,-0.004177093505859375,0.0022983551025390625,-0.038177490234375,0.01751708984375
22.00886034965515,115.625,-0.005565643310546875,-0.007266998291015625,1.0009765625,0.9990234375,-0.004177093505859375,0.002361297607421875,-0.038665771484375,0.0175018310546875
22.02790117263794,115.5625,-0.00662994384765625,-0.00667572021484375,1.0029296875,0.9990234375,-0.004180908203125,0.0023517608642578125,-0.038665771484375,0.017608642578125
22.048895120620728,115.625,-0.006343841552734375,-0.005344390869140625,1.0029296875,0.9990234375,-0.004314422607421875,0.003467559814453125,-0.0382080078125,0.01678466796875
22.067877054214478,115.5625,-0.00766754150390625,-0.0080108642578125,1.0009765625,0.99951171875,-0.004314422607421875,0.0037994384765625,-0.03778076171875,0.016815185546875
22.08831477165222,115.5625,-0.005039215087890625,-0.00984954833984375,1.0029296875,0.99951171875,-0.0042724609375,0.00390625,-0.037322998046875,0.016876220703125
22.108272790908813,115.5625,-0.00522613525390625,-0.00969696044921875,1.0,0.99951171875,-0.0042266845703125,0.003948211669921875,-0.036895751953125,0.016937255859375
22.127788543701172,115.5625,-0.0037441253662109375,-0.0083465576171875,1.0009765625,0.99951171875,-0.004192352294921875,0.003902435302734375,-0.03656005859375,0.0169830322265625
22.148026704788208,115.5625,-0.005344390869140625,-0.008636474609375,0.9990234375,0.99951171875,-0.0041656494140625,0.003879547119140625,-0.036163330078125,0.0170440673828125
22.167654991149902,115.625,-0.0039043426513671875,-0.00711822509765625,1.001953125,0.99951171875,-0.004116058349609375,0.0038280487060546875,-0.035797119140625,0.017120361328125
22.18801236152649,115.625,-0.005908966064453125,-0.006992340087890625,1.001953125,0.99951171875,-0.004116058349609375,0.00373077392578125,-0.0355224609375,0.017181396484375
22.2079861164093,115.625,-0.0060272216796875,-0.006481170654296875,1.00390625,0.99951171875,-0.00412750244140625,0.00360107421875,-0.03521728515625,0.0172576904296875
22.22826337814331,115.625,-0.0099639892578125,-0.00872802734375,1.0029296875,0.99951171875,-0.004131317138671875,0.00348663330078125,-0.034881591796875,0.017333984375
22.24911069869995,115.625,-0.006313323974609375,-0.00600433349609375,1.0,0.99951171875,-0.004119873046875,0.0034503936767578125,-0.03460693359375,0.0174102783203125
22.268004179000854,115.6875,-0.0070343017578125,-0.00974273681640625,0.99951171875,0.99951171875,-0.004077911376953125,0.0031147003173828125,-0.03472900390625,0.0168914794921875
22.289096117019653,115.625,-0.00698089599609375,-0.0091400146484375,1.0009765625,0.99951171875,-0.004085540771484375,0.0031566619873046875,-0.03448486328125,0.0169219970703125
22.31013512611389,115.625,-0.00728607177734375,-0.0093231201171875,1.001953125,0.99951171875,-0.004085540771484375,0.003131866455078125,-0.034454345703125,0.0169830322265625
22.329028367996216,115.6875,-0.006168365478515625,-0.0089569091796875,1.0009765625,0.99951171875,-0.004123687744140625,0.0029144287109375,-0.034423828125,0.016845703125
22.347959756851196,115.6875,-0.0038967132568359375,-0.00830841064453125,1.0009765625,0.99951171875,-0.00412750244140625,0.0029048919677734375,-0.034454345703125,0.01678466796875
22.36796808242798,115.6875,-0.005924224853515625,-0.007720947265625,1.0009765625,0.99951171875,-0.00411224365234375,0.003002166748046875,-0.034088134765625,0.0168304443359375
22.387999296188354,115.6875,-0.005771636962890625,-0.007144927978515625,1.0009765625,0.99951171875,-0.004085540771484375,0.0030384063720703125,-0.033843994140625,0.016876220703125
22.407541036605835,115.625,-0.007244110107421875,-0.00982666015625,1.0009765625,0.99951171875,-0.00408172607421875,0.00304412841796875,-0.033599853515625,0.0169219970703125
22.427978992462158,115.6875,-0.006343841552734375,-0.00782012939453125,1.0,0.99951171875,-0.004062652587890625,0.0030727386474609375,-0.033294677734375,0.0169677734375
22.44866132736206,115.75,-0.0037364959716796875,-0.006866455078125,1.0009765625,0.99951171875,-0.004058837890625,0.003078460693359375,-0.033050537109375,0.0170135498046875
22.467535257339478,115.75,-0.006320953369140625,-0.009368896484375,1.0009765625,0.99951171875,-0.004070281982421875,0.003055572509765625,-0.033050537109375,0.017059326171875
22.49031162261963,115.6875,-0.006900787353515625,-0.005741119384765625,1.0029296875,0.99951171875,-0.004070281982421875,0.0030364990234375,-0.032806396484375,0.0171356201171875
22.509695053100586,115.75,-0.007762908935546875,-0.00850677490234375,1.001953125,0.99951171875,-0.004032135009765625,0.0025634765625,-0.033203125,0.0169677734375
22.530823707580566,115.75,-0.004955291748046875,-0.0091094970703125,1.0029296875,0.99951171875,-0.004016876220703125,0.0023288726806640625,-0.0340576171875,0.016998291015625
22.550232648849487,115.75,-0.00588226318359375,-0.005916595458984375,1.0009765625,0.99951171875,-0.00403594970703125,0.0023326873779296875,-0.034454345703125,0.0170745849609375
22.57202911376953,115.6875,-0.00494384765625,-0.00824737548828125,1.001953125,0.99951171875,-0.00402069091796875,0.0023345947265625,-0.03485107421875,0.017120361328125
22.591811418533325,115.6875,-0.00460052490234375,-0.0080108642578125,1.0,0.99951171875,-0.004024505615234375,0.0023651123046875,-0.03515625,0.0171661376953125
22.609684705734253,115.6875,-0.005954742431640625,-0.0072479248046875,1.001953125,0.99951171875,-0.00400543212890625,0.0024471282958984375,-0.0355224609375,0.0171661376953125
22.629753351211548,115.625,-0.00801849365234375,-0.010467529296875,1.001953125,0.99951171875,-0.0039825439453125,0.0024871826171875,-0.03582763671875,0.0171661376953125
22.652437686920166,115.6875,-0.00525665283203125,-0.00926971435546875,1.0029296875,0.99951171875,-0.00397491455078125,0.0025501251220703125,-0.0361328125,0.0171661376953125
22.66889762878418,115.6875,-0.00676727294921875,-0.00786590576171875,1.0029296875,0.99951171875,-0.003997802734375,0.002582550048828125,-0.036407470703125,0.0171966552734375
22.68930196762085,115.625,-0.00684356689453125,-0.00717926025390625,1.0029296875,0.99951171875,-0.0040130615234375,0.0026092529296875,-0.036712646484375,0.0172119140625
22.709056615829468,115.625,-0.0056304931640625,-0.0084075927734375,1.001953125,0.99951171875,-0.004093170166015625,0.002899169921875,-0.036529541015625,0.0166473388671875
22.72868061065674,115.625,-0.0042572021484375,-0.0078582763671875,1.001953125,0.99951171875,-0.00408935546875,0.002960205078125,-0.036285400390625,0.0166473388671875
22.747581958770752,115.5625,-0.006683349609375,-0.009979248046875,1.001953125,0.99951171875,-0.004077911376953125,0.0031299591064453125,-0.035888671875,0.0166778564453125
22.768754482269287,115.5625,-0.006351470947265625,-0.0074005126953125,1.001953125,0.99951171875,-0.00405120849609375,0.0030231475830078125,-0.035797119140625,0.016693115234375
22.787647485733032,115.5625,-0.005687713623046875,-0.0106964111328125,1.0,0.99951171875,-0.004055023193359375,0.0032024383544921875,-0.035430908203125,0.0167236328125
22.807720184326172,115.5625,-0.006378173828125,-0.009613037109375,1.0029296875,0.99951171875,-0.0040740966796875,0.00322723388671875,-0.035430908203125,0.0167694091796875
22.828056573867798,115.5625,-0.007801055908203125,-0.0099639892578125,1.0,0.99951171875,-0.00408935546875,0.0032482147216796875,-0.035430908203125,0.016815185546875
22.848711013793945,115.625,-0.0065765380859375,-0.00811004638671875,1.001953125,0.99951171875,-0.004100799560546875,0.0034236907958984375,-0.03509521484375,0.016815185546875
22.868118286132812,115.6875,-0.0042572021484375,-0.006824493408203125,1.0009765625,0.99951171875,-0.004077911376953125,0.00345611572265625,-0.03472900390625,0.016876220703125
22.887741804122925,115.75,-0.00846099853515625,-0.007190704345703125,1.0029296875,0.99951171875,-0.004070281982421875,0.003459930419921875,-0.034698486328125,0.016937255859375
22.907278060913086,115.625,-0.00583648681640625,-0.0087127685546875,1.00390625,0.99951171875,-0.004058837890625,0.003459930419921875,-0.03472900390625,0.016998291015625
22.92927050590515,115.625,-0.00876617431640625,-0.00925445556640625,1.001953125,0.99951171875,-0.00403594970703125,0.0033702850341796875,-0.034423828125,0.017120361328125
22.947293043136597,115.625,-0.005702972412109375,-0.00797271728515625,1.001953125,0.99951171875,-0.004009246826171875,0.003017425537109375,-0.034515380859375,0.01690673828125
22.967525482177734,115.6875,-0.00560760498046875,-0.007114410400390625,1.001953125,0.99951171875,-0.0040130615234375,0.0030193328857421875,-0.034515380859375,0.0169677734375
22.987353324890137,115.6875,-0.00768280029296875,-0.00820159912109375,1.0009765625,0.99951171875,-0.004024505615234375,0.0027179718017578125,-0.03485107421875,0.0170135498046875
23.007470846176147,115.6875,-0.00833892822265625,-0.00710296630859375,1.001953125,0.99951171875,-0.004032135009765625,0.0027446746826171875,-0.034881591796875,0.0171051025390625
23.027676343917847,115.6875,-0.0086822509765625,-0.007297515869140625,1.0009765625,0.99951171875,-0.00403594970703125,0.00272369384765625,-0.03485107421875,0.0171966552734375
23.047119855880737,115.6875,-0.0044708251953125,-0.0094146728515625,1.0009765625,0.99951171875,-0.004032135009765625,0.00270843505859375,-0.03485107421875,0.0172882080078125
23.067408323287964,115.6875,-0.00579071044921875,-0.007038116455078125,1.0009765625,0.99951171875,-0.00409698486328125,0.0030498504638671875,-0.035003662109375,0.016876220703125
23.087658166885376,115.5625,-0.007724761962890625,-0.00846099853515625,0.99951171875,0.99951171875,-0.004100799560546875,0.0030651092529296875,-0.03515625,0.016845703125
23.10790252685547,115.625,-0.00914764404296875,-0.00963592529296875,1.001953125,0.99951171875,-0.004085540771484375,0.0030956268310546875,-0.03533935546875,0.016815185546875
23.12734818458557,115.625,-0.004703521728515625,-0.010894775390625,1.001953125,0.99951171875,-0.004085540771484375,0.0030975341796875,-0.0355224609375,0.01678466796875
23.147505521774292,115.625,-0.0067596435546875,-0.00559234619140625,1.0029296875,0.99951171875,-0.00408935546875,0.0031223297119140625,-0.03570556640625,0.0167694091796875
23.167938470840454,115.6875,-0.00591278076171875,-0.006549835205078125,1.0,0.99951171875,-0.00408935546875,0.0031375885009765625,-0.035888671875,0.0167083740234375
23.18761372566223,115.6875,-0.006374359130859375,-0.00806427001953125,1.0029296875,0.99951171875,-0.004093170166015625,0.0031490325927734375,-0.03607177734375,0.0166778564453125
23.207258939743042,115.625,-0.0051422119140625,-0.00972747802734375,1.0009765625,0.99951171875,-0.00408935546875,0.0031719207763671875,-0.036285400390625,0.016693115234375
23.228152751922607,115.5625,-0.0067596435546875,-0.00899505615234375,1.0,0.99951171875,-0.0041046142578125,0.0031528472900390625,-0.036285400390625,0.0167236328125
23.24754285812378,115.625,-0.006015777587890625,-0.00835418701171875,1.001953125,0.99951171875,-0.004108428955078125,0.0031032562255859375,-0.036529541015625,0.0167083740234375
23.267977476119995,115.625,-0.00707244873046875,-0.0066070556640625,1.001953125,0.99951171875,-0.00408935546875,0.0032501220703125,-0.036468505859375,0.016754150390625
23.287241220474243,115.625,-0.006267547607421875,-0.009552001953125,1.001953125,0.99951171875,-0.00408935546875,0.0029582977294921875,-0.036834716796875,0.0167694091796875
23.307467222213745,115.5625,-0.0060577392578125,-0.007701873779296875,1.0009765625,0.99951171875,-0.004077911376953125,0.00281524658203125,-0.037200927734375,0.016815185546875
23.327324628829956,115.5625,-0.007297515869140625,-0.00945281982421875,0.99951171875,0.99951171875,-0.00408935546875,0.0028076171875,-0.0372314453125,0.016876220703125
23.34739089012146,115.625,-0.00689697265625,-0.008087158203125,1.0,0.99951171875,-0.004116058349609375,0.0035266876220703125,-0.037139892578125,0.016754150390625
23.367545127868652,115.625,-0.004772186279296875,-0.00939178466796875,1.0,0.99951171875,-0.004116058349609375,0.0035076141357421875,-0.037139892578125,0.01678466796875
23.387274503707886,115.625,-0.00481414794921875,-0.007724761962890625,0.9990234375,0.99951171875,-0.00409698486328125,0.0033626556396484375,-0.0374755859375,0.0167388916015625
23.407476902008057,115.625,-0.00736236572265625,-0.0068817138671875,1.001953125,0.99951171875,-0.004085540771484375,0.003505706787109375,-0.03741455078125,0.01678466796875
23.42758297920227,115.6875,-0.007183074951171875,-0.007602691650390625,1.001953125,0.99951171875,-0.004077911376953125,0.0034923553466796875,-0.037445068359375,0.016815185546875
23.447007179260254,115.625,-0.00786590576171875,-0.007080078125,1.0,0.99951171875,-0.00408172607421875,0.003513336181640625,-0.037445068359375,0.016845703125
23.46823215484619,115.6875,-0.00641632080078125,-0.00724029541015625,0.99951171875,0.9990234375,-0.004058837890625,0.0029163360595703125,-0.037994384765625,0.0168914794921875
23.487128734588623,115.6875,-0.0089569091796875,-0.009033203125,1.0029296875,0.9990234375,-0.004055023193359375,0.002941131591796875,-0.03802490234375,0.016937255859375
23.50716805458069,115.75,-0.00554656982421875,-0.0086822509765625,1.001953125,0.9990234375,-0.004047393798828125,0.0029315948486328125,-0.03802490234375,0.016998291015625
23.527353525161743,115.75,-0.00679779052734375,-0.005462646484375,1.001953125,0.9990234375,-0.004024505615234375,0.002910614013671875,-0.03802490234375,0.017059326171875
23.547540426254272,115.75,-0.0074310302734375,-0.005401611328125,1.0009765625,0.9990234375,-0.00403594970703125,0.0029277801513671875,-0.03802490234375,0.0171356201171875
23.567242860794067,115.6875,-0.00388336181640625,-0.00878143310546875,1.0009765625,0.9990234375,-0.004032135009765625,0.0029392242431640625,-0.03802490234375,0.0172119140625
23.58739733695984,115.6875,-0.008575439453125,-0.010345458984375,1.0029296875,0.9990234375,-0.004032135009765625,0.00293731689453125,-0.038055419921875,0.0172882080078125
23.60758066177368,115.6875,-0.005092620849609375,-0.006855010986328125,1.0009765625,0.9990234375,-0.004047393798828125,0.002918243408203125,-0.038055419921875,0.0173797607421875
23.63025951385498,115.6875,-0.0081024169921875,-0.0098114013671875,1.001953125,0.9990234375,-0.0040740966796875,0.002933502197265625,-0.038055419921875,0.017486572265625
23.64759349822998,115.6875,-0.006572723388671875,-0.00807952880859375,1.0009765625,0.9990234375,-0.004016876220703125,0.0028743743896484375,-0.038848876953125,0.0173187255859375
23.672123908996582,115.75,-0.003978729248046875,-0.009552001953125,1.0009765625,0.9990234375,-0.00399017333984375,0.002880096435546875,-0.03961181640625,0.0172576904296875
23.69180464744568,115.6875,-0.00672149658203125,-0.0084991455078125,1.001953125,0.9990234375,-0.003993988037109375,0.0029010772705078125,-0.0404052734375,0.017242431640625
23.709712505340576,115.625,-0.003871917724609375,-0.00823974609375,1.0,0.9990234375,-0.00400543212890625,0.002933502197265625,-0.041107177734375,0.017242431640625
23.730254650115967,115.625,-0.006481170654296875,-0.00835418701171875,0.9990234375,0.9990234375,-0.004085540771484375,0.0033245086669921875,-0.04150390625,0.01666259765625
23.74731159210205,115.625,-0.003910064697265625,-0.007465362548828125,1.0009765625,0.9990234375,-0.00408172607421875,0.0032329559326171875,-0.042083740234375,0.0166168212890625
23.7698872089386,115.625,-0.004581451416015625,-0.00945281982421875,1.001953125,0.9990234375,-0.004100799560546875,0.003215789794921875,-0.042083740234375,0.016632080078125
23.789977550506592,115.625,-0.0073699951171875,-0.0099334716796875,1.0029296875,0.9990234375,-0.004100799560546875,0.0031147003173828125,-0.042633056640625,0.01666259765625
23.808526039123535,115.625,-0.00902557373046875,-0.00814056396484375,1.001953125,0.9990234375,-0.004119873046875,0.00337982177734375,-0.042694091796875,0.01666259765625
23.828507900238037,115.625,-0.004302978515625,-0.007579803466796875,0.99951171875,0.9990234375,-0.00411224365234375,0.003421783447265625,-0.042999267578125,0.0166778564453125
23.848756313323975,115.625,-0.006130218505859375,-0.00872802734375,1.0009765625,0.9990234375,-0.004119873046875,0.0034427642822265625,-0.04315185546875,0.0166778564453125
23.868566751480103,115.625,-0.005588531494140625,-0.0092010498046875,1.0009765625,0.9990234375,-0.004131317138671875,0.00330352783203125,-0.04345703125,0.016693115234375
23.88727068901062,115.625,-0.006744384765625,-0.00725555419921875,1.0009765625,0.9990234375,-0.00414276123046875,0.0032024383544921875,-0.043914794921875,0.016754150390625
23.907432556152344,115.6875,-0.0048675537109375,-0.0061187744140625,1.001953125,0.9990234375,-0.004146575927734375,0.0036163330078125,-0.043609619140625,0.016693115234375
23.927525281906128,115.625,-0.00472259521484375,-0.0074005126953125,1.001953125,0.9990234375,-0.004146575927734375,0.00357818603515625,-0.043701171875,0.0166015625
23.947264671325684,115.625,-0.0039520263671875,-0.00859832763671875,1.00390625,0.9990234375,-0.00414276123046875,0.0034084320068359375,-0.0439453125,0.016632080078125
23.967339277267456,115.625,-0.00600433349609375,-0.00960540771484375,1.001953125,0.9990234375,-0.0041351318359375,0.00339508056640625,-0.0439453125,0.0166778564453125
23.987554788589478,115.625,-0.006397247314453125,-0.0077056884765625,1.001953125,0.9990234375,-0.004093170166015625,0.0031890869140625,-0.044342041015625,0.0167083740234375
24.00702977180481,115.625,-0.004497528076171875,-0.00879669189453125,1.0009765625,0.9990234375,-0.004119873046875,0.0034160614013671875,-0.044464111328125,0.0166015625
24.02721405029297,115.625,-0.0040740966796875,-0.00960540771484375,1.001953125,0.9990234375,-0.004131317138671875,0.0036411285400390625,-0.04412841796875,0.01666259765625
24.047672033309937,115.625,-0.0050048828125,-0.006916046142578125,1.0,0.9990234375,-0.004119873046875,0.003337860107421875,-0.04449462890625,0.0166473388671875
24.067282676696777,115.625,-0.00601959228515625,-0.008331298828125,1.0009765625,0.9990234375,-0.00412750244140625,0.003574371337890625,-0.044189453125,0.0166473388671875
24.087254285812378,115.625,-0.00817108154296875,-0.00968170166015625,1.0009765625,0.9990234375,-0.004131317138671875,0.003551483154296875,-0.044189453125,0.0166778564453125
24.107601165771484,115.625,-0.005462646484375,-0.01030731201171875,1.0009765625,0.9990234375,-0.004138946533203125,0.0035400390625,-0.044189453125,0.0167236328125
24.127182006835938,115.625,-0.006290435791015625,-0.007373809814453125,1.0009765625,0.9990234375,-0.004119873046875,0.0036106109619140625,-0.04388427734375,0.0167999267578125
24.14735460281372,115.625,-0.005382537841796875,-0.00689697265625,0.99853515625,0.9990234375,-0.004123687744140625,0.003314971923828125,-0.0439453125,0.0167694091796875
24.168265342712402,115.6875,-0.005596160888671875,-0.00943756103515625,1.001953125,0.9990234375,-0.004123687744140625,0.0034427642822265625,-0.043609619140625,0.016754150390625
24.187274932861328,115.6875,-0.00662994384765625,-0.0074005126953125,1.0009765625,0.9990234375,-0.00411224365234375,0.003475189208984375,-0.043365478515625,0.0167999267578125
24.20725131034851,115.6875,-0.004405975341796875,-0.005947113037109375,1.001953125,0.9990234375,-0.004093170166015625,0.003025054931640625,-0.043701171875,0.016815185546875
24.228153467178345,115.6875,-0.006103515625,-0.00811767578125,1.0009765625,0.9990234375,-0.00408935546875,0.0028362274169921875,-0.043975830078125,0.01690673828125
24.24688959121704,115.625,-0.006336212158203125,-0.00824737548828125,1.0029296875,0.9990234375,-0.004085540771484375,0.0028400421142578125,-0.043975830078125,0.0169677734375
24.267148971557617,115.6875,-0.00502777099609375,-0.009429931640625,1.0029296875,0.9990234375,-0.00408172607421875,0.00286102294921875,-0.0439453125,0.017059326171875
24.287779808044434,115.6875,-0.00455474853515625,-0.00800323486328125,1.00390625,0.9990234375,-0.004085540771484375,0.002895355224609375,-0.0439453125,0.01715087890625
24.307334661483765,115.6875,-0.005870819091796875,-0.00720977783203125,1.0009765625,0.9990234375,-0.004077911376953125,0.002895355224609375,-0.0439453125,0.0172576904296875
24.327304363250732,115.6875,-0.006549835205078125,-0.0070648193359375,1.001953125,0.9990234375,-0.00408172607421875,0.0028934478759765625,-0.0439453125,0.017364501953125
24.346845626831055,115.625,-0.00717926025390625,-0.01068115234375,1.0029296875,0.9990234375,-0.004024505615234375,0.002857208251953125,-0.0443115234375,0.017303466796875
24.36761450767517,115.625,-0.004169464111328125,-0.0103759765625,1.001953125,0.9990234375,-0.004009246826171875,0.0028781890869140625,-0.04461669921875,0.017333984375
24.386898040771484,115.625,-0.005046844482421875,-0.006885528564453125,1.001953125,0.9990234375,-0.00400543212890625,0.002895355224609375,-0.044830322265625,0.0173797607421875
24.407742500305176,115.6875,-0.00617218017578125,-0.007038116455078125,1.0009765625,0.9990234375,-0.004131317138671875,0.003101348876953125,-0.044677734375,0.016632080078125
24.427132844924927,115.6875,-0.006618499755859375,-0.00881195068359375,1.0009765625,0.9990234375,-0.004131317138671875,0.0031108856201171875,-0.04461669921875,0.0166168212890625
24.447256565093994,115.6875,-0.00665283203125,-0.00966644287109375,1.0009765625,0.9990234375,-0.00411224365234375,0.0031032562255859375,-0.04449462890625,0.0166473388671875
24.46846103668213,115.625,-0.006290435791015625,-0.009521484375,1.001953125,0.9990234375,-0.00409698486328125,0.0030689239501953125,-0.04449462890625,0.0166778564453125
24.487494707107544,115.625,-0.004405975341796875,-0.0078125,1.0009765625,0.9990234375,-0.004119873046875,0.0033283233642578125,-0.044158935546875,0.01666259765625
24.507335662841797,115.6875,-0.006610870361328125,-0.00662994384765625,1.0,0.9990234375,-0.00411224365234375,0.00299835205078125,-0.044342041015625,0.0167236328125
24.5267333984375,115.6875,-0.00901031494140625,-0.0083770751953125,0.99853515625,0.9990234375,-0.004093170166015625,0.0030517578125,-0.044219970703125,0.0167083740234375
24.54734516143799,115.6875,-0.005687713623046875,-0.00711822509765625,1.001953125,0.9990234375,-0.00409698486328125,0.003215789794921875,-0.0439453125,0.0167388916015625
24.567963123321533,115.6875,-0.006175994873046875,-0.01032257080078125,1.0029296875,0.9990234375,-0.00408172607421875,0.0032939910888671875,-0.04364013671875,0.0167694091796875
24.586991548538208,115.625,-0.006191253662109375,-0.01000213623046875,1.001953125,0.9990234375,-0.004047393798828125,0.003063201904296875,-0.043731689453125,0.016754150390625
24.60714864730835,115.625,-0.0093536376953125,-0.00637054443359375,1.00390625,0.9990234375,-0.004032135009765625,0.00289154052734375,-0.04412841796875,0.01678466796875
24.62826418876648,115.5625,-0.005397796630859375,-0.0099945068359375,1.0029296875,0.9990234375,-0.0040435791015625,0.0031452178955078125,-0.0438232421875,0.016754150390625
24.646928787231445,115.5625,-0.0034580230712890625,-0.00782012939453125,1.0029296875,0.9990234375,-0.004032135009765625,0.0032787322998046875,-0.0435791015625,0.0167694091796875
24.667385816574097,115.625,-0.005859375,-0.00689697265625,1.00390625,0.9990234375,-0.00402069091796875,0.0028247833251953125,-0.044097900390625,0.0168304443359375
24.68712544441223,115.625,-0.0088653564453125,-0.00861358642578125,0.99951171875,0.9990234375,-0.004039764404296875,0.003070831298828125,-0.0438232421875,0.016815185546875
24.70715594291687,115.625,-0.00689697265625,-0.00858306884765625,1.0009765625,0.9990234375,-0.0040435791015625,0.0031909942626953125,-0.0435791015625,0.016876220703125
24.726823091506958,115.625,-0.006633758544921875,-0.00984954833984375,1.00390625,0.9990234375,-0.00402069091796875,0.0032634735107421875,-0.0433349609375,0.016937255859375
24.746907711029053,115.625,-0.005680084228515625,-0.00884246826171875,1.001953125,0.9990234375,-0.004032135009765625,0.00328826904296875,-0.04315185546875,0.0169677734375
24.76742911338806,115.6875,-0.006458282470703125,-0.007282257080078125,1.0009765625,0.9990234375,-0.004039764404296875,0.0032596588134765625,-0.04296875,0.0170135498046875
24.787126302719116,115.75,-0.007091522216796875,-0.00859832763671875,1.0029296875,0.9990234375,-0.003986358642578125,0.0025806427001953125,-0.04364013671875,0.0169219970703125
24.807283401489258,115.6875,-0.006931304931640625,-0.00734710693359375,1.0,0.9990234375,-0.004024505615234375,0.002593994140625,-0.043914794921875,0.016876220703125
24.827409505844116,115.625,-0.0063323974609375,-0.007720947265625,1.001953125,0.9990234375,-0.004032135009765625,0.0027713775634765625,-0.043792724609375,0.0168609619140625
24.847071170806885,115.625,-0.0044708251953125,-0.007640838623046875,0.99951171875,0.9990234375,-0.004024505615234375,0.0029239654541015625,-0.04364013671875,0.0169219970703125
24.86728262901306,115.6875,-0.006999969482421875,-0.00931549072265625,1.001953125,0.9990234375,-0.00405120849609375,0.00301361083984375,-0.04351806640625,0.0169525146484375
24.887033700942993,115.6875,-0.005855560302734375,-0.0063323974609375,1.001953125,0.9990234375,-0.004055023193359375,0.0030670166015625,-0.043426513671875,0.0169830322265625
24.90726113319397,115.5625,-0.0079345703125,-0.01195526123046875,1.00390625,0.9990234375,-0.00405120849609375,0.0030727386474609375,-0.043365478515625,0.0170440673828125
24.9274582862854,115.5625,-0.00677490234375,-0.0085296630859375,1.0009765625,0.9990234375,-0.004055023193359375,0.00308990478515625,-0.043304443359375,0.0171051025390625
24.946882963180542,115.625,-0.00385284423828125,-0.0092926025390625,1.001953125,0.9990234375,-0.0040435791015625,0.00310516357421875,-0.0433349609375,0.01715087890625
24.969236850738525,115.625,-0.006481170654296875,-0.009307861328125,1.0009765625,0.9990234375,-0.00403594970703125,0.0030975341796875,-0.0433349609375,0.0172119140625
24.987290859222412,115.625,-0.0058746337890625,-0.010040283203125,1.00390625,0.9990234375,-0.0040435791015625,0.0028018951416015625,-0.04388427734375,0.0169830322265625
25.00834822654724,115.6875,-0.0045318603515625,-0.008941650390625,1.0009765625,0.9990234375,-0.004058837890625,0.002620697021484375,-0.04437255859375,0.01702880859375
25.027654886245728,115.8125,-0.006778717041015625,-0.008209228515625,1.0009765625,0.9990234375,-0.004077911376953125,0.0027980804443359375,-0.04486083984375,0.0170135498046875
25.047714233398438,115.75,-0.00482177734375,-0.01038360595703125,1.0009765625,0.9990234375,-0.004085540771484375,0.002849578857421875,-0.04522705078125,0.0170440673828125
25.067289113998413,115.6875,-0.007701873779296875,-0.00936126708984375,1.0009765625,0.9990234375,-0.004085540771484375,0.0029964447021484375,-0.04522705078125,0.01708984375
25.087732553482056,115.6875,-0.0048980712890625,-0.0085296630859375,0.99853515625,0.9990234375,-0.0040740966796875,0.002910614013671875,-0.04559326171875,0.0171051025390625
25.108937978744507,115.6875,-0.005939483642578125,-0.008575439453125,1.0009765625,0.9990234375,-0.004077911376953125,0.0027256011962890625,-0.04595947265625,0.0171661376953125
25.127156734466553,115.625,-0.005023956298828125,-0.0101470947265625,1.0009765625,0.9990234375,-0.00409698486328125,0.0025920867919921875,-0.04632568359375,0.0172576904296875
25.148268222808838,115.625,-0.006908416748046875,-0.006744384765625,0.99951171875,0.9990234375,-0.004154205322265625,0.0031909942626953125,-0.046295166015625,0.0171051025390625
25.166935205459595,115.625,-0.00563812255859375,-0.00637054443359375,1.0029296875,0.9990234375,-0.00415802001953125,0.0031566619873046875,-0.0462646484375,0.01715087890625
25.188255786895752,115.625,-0.0029354095458984375,-0.00955963134765625,1.00390625,0.9990234375,-0.00414276123046875,0.0026874542236328125,-0.046630859375,0.0171966552734375
25.207155227661133,115.625,-0.00211334228515625,-0.00594329833984375,1.0009765625,0.9990234375,-0.004123687744140625,0.0025730133056640625,-0.0469970703125,0.01727294921875
25.227548599243164,115.625,-0.00742340087890625,-0.00812530517578125,1.0029296875,0.9990234375,-0.00411224365234375,0.0025386810302734375,-0.04730224609375,0.0173187255859375
25.246880292892456,115.6875,-0.005992889404296875,-0.01000213623046875,1.001953125,0.9990234375,-0.00408935546875,0.002567291259765625,-0.047637939453125,0.017333984375
25.267719745635986,115.75,-0.008331298828125,-0.0085296630859375,1.0029296875,0.9990234375,-0.004077911376953125,0.0025920867919921875,-0.0479736328125,0.0173492431640625
25.286674737930298,115.75,-0.005687713623046875,-0.00946044921875,1.0,0.9990234375,-0.004070281982421875,0.0025577545166015625,-0.0479736328125,0.017425537109375
25.307061910629272,115.6875,-0.0063934326171875,-0.00852203369140625,1.001953125,0.9990234375,-0.004077911376953125,0.002544403076171875,-0.0479736328125,0.01751708984375
25.326756715774536,115.75,-0.005451202392578125,-0.00832366943359375,0.9990234375,0.9990234375,-0.00406646728515625,0.0025272369384765625,-0.0479736328125,0.0175933837890625
25.347309827804565,115.6875,-0.00750732421875,-0.00753021240234375,1.0029296875,0.9990234375,-0.004039764404296875,0.0028362274169921875,-0.04840087890625,0.017425537109375
25.36684799194336,115.75,-0.0063018798828125,-0.008758544921875,1.0009765625,0.9990234375,-0.0040435791015625,0.0029277801513671875,-0.048797607421875,0.017364501953125
25.387171745300293,115.75,-0.006069183349609375,-0.007110595703125,0.99951171875,0.99853515625,-0.00403594970703125,0.0030117034912109375,-0.0491943359375,0.017303466796875
25.40735101699829,115.6875,-0.0038967132568359375,-0.00931549072265625,1.0009765625,0.99853515625,-0.00402069091796875,0.003063201904296875,-0.049560546875,0.0172576904296875
25.426738262176514,115.625,-0.0057830810546875,-0.006595611572265625,1.0009765625,0.99853515625,-0.0040130615234375,0.0030422210693359375,-0.0498046875,0.0171966552734375
25.446937561035156,115.6875,-0.004398345947265625,-0.0076141357421875,1.0029296875,0.99853515625,-0.00406646728515625,0.0033206939697265625,-0.049835205078125,0.0167694091796875
25.467257976531982,115.75,-0.00458526611328125,-0.00812530517578125,1.0,0.99853515625,-0.00406646728515625,0.0032253265380859375,-0.050048828125,0.016754150390625
25.48696994781494,115.6875,-0.005924224853515625,-0.0093231201171875,1.001953125,0.99853515625,-0.004055023193359375,0.0033130645751953125,-0.049957275390625,0.0168304443359375
25.507081508636475,115.6875,-0.005542755126953125,-0.00848388671875,1.0009765625,0.99853515625,-0.004058837890625,0.0034656524658203125,-0.04974365234375,0.0168914794921875
25.52702522277832,115.75,-0.0084686279296875,-0.008758544921875,1.0009765625,0.99853515625,-0.0040740966796875,0.003429412841796875,-0.04974365234375,0.01690673828125
25.54832172393799,115.6875,-0.005435943603515625,-0.00922393798828125,1.001953125,0.99853515625,-0.00408172607421875,0.003574371337890625,-0.049560546875,0.01690673828125
25.566906452178955,115.625,-0.0037937164306640625,-0.007183074951171875,1.0029296875,0.99853515625,-0.004062652587890625,0.003574371337890625,-0.049346923828125,0.0169677734375
25.587016344070435,115.6875,-0.008636474609375,-0.0092620849609375,1.001953125,0.99853515625,-0.004055023193359375,0.0035533905029296875,-0.049102783203125,0.0170135498046875
25.607072353363037,115.6875,-0.006641387939453125,-0.007549285888671875,1.001953125,0.99853515625,-0.004055023193359375,0.0035400390625,-0.049102783203125,0.017059326171875
25.62670373916626,115.6875,-0.0052642822265625,-0.0089263916015625,1.0,0.99853515625,-0.004062652587890625,0.0035381317138671875,-0.049102783203125,0.0171051025390625
25.647119283676147,115.6875,-0.00460052490234375,-0.006855010986328125,1.0029296875,0.99853515625,-0.00406646728515625,0.003528594970703125,-0.049102783203125,0.0171661376953125
25.667100429534912,115.625,-0.007633209228515625,-0.0074920654296875,0.9990234375,0.99853515625,-0.00397491455078125,0.0023899078369140625,-0.04949951171875,0.0173187255859375
25.686991691589355,115.625,-0.00469207763671875,-0.009918212890625,1.001953125,0.99853515625,-0.004085540771484375,0.002475738525390625,-0.049560546875,0.016998291015625
25.706507444381714,115.5625,-0.00774383544921875,-0.00856781005859375,1.0009765625,0.99853515625,-0.004085540771484375,0.0023708343505859375,-0.049957275390625,0.0170440673828125
25.726741790771484,115.625,-0.005229949951171875,-0.0096893310546875,1.0009765625,0.99853515625,-0.004108428955078125,0.0024738311767578125,-0.04974365234375,0.01690673828125
25.746938705444336,115.6875,-0.006130218505859375,-0.006420135498046875,1.0,0.99853515625,-0.0041046142578125,0.002498626708984375,-0.049530029296875,0.016815185546875
25.767174243927002,115.625,-0.007568359375,-0.00807952880859375,1.00390625,0.99853515625,-0.00408935546875,0.002529144287109375,-0.049285888671875,0.016815185546875
25.787307500839233,115.625,-0.00616455078125,-0.007904052734375,1.0009765625,0.99853515625,-0.004100799560546875,0.0025272369384765625,-0.049224853515625,0.0167694091796875
25.807318449020386,115.5625,-0.007080078125,-0.007602691650390625,1.0,0.99853515625,-0.0041046142578125,0.0025196075439453125,-0.049224853515625,0.0167999267578125
25.82646632194519,115.5625,-0.00708770751953125,-0.00841522216796875,1.001953125,0.99853515625,-0.004116058349609375,0.0023975372314453125,-0.049407958984375,0.0168914794921875
25.847896099090576,115.5625,-0.005222320556640625,-0.00785064697265625,1.00390625,0.99853515625,-0.004108428955078125,0.0023593902587890625,-0.049560546875,0.016937255859375
25.8666775226593,115.625,-0.007289886474609375,-0.0081024169921875,1.0,0.99853515625,-0.00408935546875,0.002361297607421875,-0.049560546875,0.016998291015625
25.887009143829346,115.625,-0.00466156005859375,-0.007114410400390625,1.001953125,0.99853515625,-0.00409698486328125,0.0023174285888671875,-0.049560546875,0.017059326171875
25.906614303588867,115.6875,-0.00713348388671875,-0.00991058349609375,1.001953125,0.99853515625,-0.00408935546875,0.0025310516357421875,-0.0499267578125,0.0169525146484375
25.92659902572632,115.6875,-0.00681304931640625,-0.0075225830078125,1.0029296875,0.99853515625,-0.00408935546875,0.002628326416015625,-0.050201416015625,0.0169219970703125
25.946882724761963,115.6875,-0.0067901611328125,-0.0098876953125,1.0,0.99853515625,-0.0041351318359375,0.003078460693359375,-0.049591064453125,0.0167236328125
25.967281103134155,115.6875,-0.0058135986328125,-0.00732421875,1.0009765625,0.9990234375,-0.004123687744140625,0.0033206939697265625,-0.04901123046875,0.01678466796875
25.986902475357056,115.6875,-0.005611419677734375,-0.007732391357421875,1.0029296875,0.9990234375,-0.004119873046875,0.00330352783203125,-0.049041748046875,0.016815185546875
26.00699234008789,115.6875,-0.005340576171875,-0.0095367431640625,1.001953125,0.9990234375,-0.004085540771484375,0.0034542083740234375,-0.0484619140625,0.0168914794921875
26.027073621749878,115.75,-0.0071868896484375,-0.00820159912109375,1.0009765625,0.9990234375,-0.00406646728515625,0.0035037994384765625,-0.04791259765625,0.0169525146484375
26.046772241592407,115.75,-0.0028820037841796875,-0.007099151611328125,1.0009765625,0.9990234375,-0.004070281982421875,0.0035114288330078125,-0.047393798828125,0.0170135498046875
26.067344188690186,115.75,-0.007419586181640625,-0.0085296630859375,1.001953125,0.9990234375,-0.004062652587890625,0.0035419464111328125,-0.047393798828125,0.0170745849609375
26.086854696273804,115.75,-0.00661468505859375,-0.00908660888671875,1.0009765625,0.9990234375,-0.004062652587890625,0.003509521484375,-0.046875,0.01715087890625
26.1065194606781,115.8125,-0.0065460205078125,-0.0101165771484375,1.0009765625,0.9990234375,-0.004016876220703125,0.002811431884765625,-0.04736328125,0.0170135498046875
26.128381729125977,115.6875,-0.004909515380859375,-0.00909423828125,1.0009765625,0.9990234375,-0.00400543212890625,0.0025634765625,-0.04766845703125,0.017120361328125
26.14648699760437,115.75,-0.00583648681640625,-0.00858306884765625,1.001953125,0.9990234375,-0.0040130615234375,0.002490997314453125,-0.048095703125,0.0172271728515625
26.166739463806152,115.6875,-0.005828857421875,-0.00676727294921875,1.001953125,0.9990234375,-0.0040283203125,0.00249481201171875,-0.048126220703125,0.017333984375
26.186450004577637,115.6875,-0.00592041015625,-0.0095672607421875,1.0,0.9990234375,-0.0041351318359375,0.00299072265625,-0.047576904296875,0.0169525146484375
26.206766366958618,115.6875,-0.00554656982421875,-0.009033203125,1.0009765625,0.9990234375,-0.004119873046875,0.0032196044921875,-0.047149658203125,0.016937255859375
26.226306200027466,115.6875,-0.00417327880859375,-0.00865936279296875,1.0,0.9990234375,-0.004108428955078125,0.0033168792724609375,-0.04669189453125,0.0169830322265625
26.24652624130249,115.6875,-0.005741119384765625,-0.006561279296875,1.0029296875,0.9990234375,-0.004100799560546875,0.0030364990234375,-0.046600341796875,0.0169525146484375
26.266939401626587,115.6875,-0.006011962890625,-0.0091094970703125,1.001953125,0.9990234375,-0.00408935546875,0.003021240234375,-0.0467529296875,0.016845703125
26.286731719970703,115.625,-0.003170013427734375,-0.0063323974609375,1.0009765625,0.9990234375,-0.004093170166015625,0.0030078887939453125,-0.046844482421875,0.016815185546875
26.30727791786194,115.625,-0.0057220458984375,-0.008941650390625,1.00390625,0.9990234375,-0.00409698486328125,0.00299835205078125,-0.0469970703125,0.0167694091796875
26.327425003051758,115.6875,-0.0051116943359375,-0.008697509765625,1.0029296875,0.9990234375,-0.0040740966796875,0.0029888153076171875,-0.047088623046875,0.0167388916015625
26.34640598297119,115.75,-0.0048065185546875,-0.00843048095703125,1.001953125,0.9990234375,-0.00409698486328125,0.0029926300048828125,-0.047149658203125,0.016693115234375
26.366750717163086,115.6875,-0.005779266357421875,-0.00864410400390625,1.0,0.9990234375,-0.004100799560546875,0.00284576416015625,-0.04754638671875,0.0167388916015625
26.386348724365234,115.6875,-0.005725860595703125,-0.00884246826171875,1.001953125,0.9990234375,-0.00409698486328125,0.002925872802734375,-0.047607421875,0.0167083740234375
26.406721353530884,115.6875,-0.006366729736328125,-0.00893402099609375,1.0009765625,0.9990234375,-0.004100799560546875,0.0029277801513671875,-0.047607421875,0.0167388916015625
26.42626452445984,115.6875,-0.006534576416015625,-0.00846099853515625,1.001953125,0.9990234375,-0.004131317138671875,0.0030498504638671875,-0.047576904296875,0.0167388916015625
26.446343183517456,115.75,-0.006343841552734375,-0.0109405517578125,1.0029296875,0.9990234375,-0.00414276123046875,0.0032939910888671875,-0.04730224609375,0.016754150390625
26.466737508773804,115.6875,-0.005619049072265625,-0.0078277587890625,1.0009765625,0.9990234375,-0.004119873046875,0.003391265869140625,-0.047027587890625,0.016815185546875
26.487361907958984,115.625,-0.00606536865234375,-0.006504058837890625,1.001953125,0.9990234375,-0.0041351318359375,0.0034008026123046875,-0.047027587890625,0.0168609619140625
26.50619864463806,115.6875,-0.004199981689453125,-0.00731658935546875,1.0009765625,0.9990234375,-0.00411224365234375,0.0029811859130859375,-0.0472412109375,0.016876220703125
26.52625846862793,115.6875,-0.004474639892578125,-0.00812530517578125,1.00390625,0.9990234375,-0.004119873046875,0.002964019775390625,-0.0472412109375,0.016937255859375
26.547645330429077,115.6875,-0.0064239501953125,-0.0081939697265625,1.0009765625,0.9990234375,-0.00414276123046875,0.003307342529296875,-0.047027587890625,0.0169219970703125
26.566471338272095,115.625,-0.00431060791015625,-0.00849151611328125,1.0029296875,0.9990234375,-0.004138946533203125,0.0034732818603515625,-0.04681396484375,0.0169830322265625
26.586925506591797,115.625,-0.004299163818359375,-0.01064300537109375,0.9990234375,0.9990234375,-0.004154205322265625,0.0034885406494140625,-0.04669189453125,0.0170440673828125
26.606335163116455,115.625,-0.0058746337890625,-0.00995635986328125,1.001953125,0.9990234375,-0.004154205322265625,0.0035037994384765625,-0.04669189453125,0.0171051025390625
26.626853942871094,115.625,-0.00643157958984375,-0.00798797607421875,1.0009765625,0.9990234375,-0.004154205322265625,0.0035037994384765625,-0.04669189453125,0.017181396484375
26.646986484527588,115.625,-0.0065460205078125,-0.006999969482421875,1.001953125,0.9990234375,-0.00415802001953125,0.0034732818603515625,-0.04669189453125,0.017242431640625
26.66638994216919,115.625,-0.00521087646484375,-0.00725555419921875,1.0009765625,0.9990234375,-0.0041656494140625,0.003467559814453125,-0.04669189453125,0.0173187255859375
26.689297676086426,115.625,-0.007564544677734375,-0.01052093505859375,1.001953125,0.9990234375,-0.004169464111328125,0.003173828125,-0.046600341796875,0.01751708984375
26.709495782852173,115.6875,-0.0084991455078125,-0.008270263671875,1.001953125,0.9990234375,-0.00420379638671875,0.00308990478515625,-0.0465087890625,0.0175933837890625
26.726703643798828,115.625,-0.0038051605224609375,-0.00820159912109375,1.001953125,0.9990234375,-0.004207611083984375,0.0031147003173828125,-0.0465087890625,0.017608642578125
26.746203184127808,115.625,-0.00421905517578125,-0.0065155029296875,0.99951171875,0.9990234375,-0.004207611083984375,0.00312042236328125,-0.0465087890625,0.0177001953125
26.770403385162354,115.5625,-0.00899505615234375,-0.00738525390625,1.0,0.9990234375,-0.0042266845703125,0.0030994415283203125,-0.0465087890625,0.0178375244140625
26.789283752441406,115.5625,-0.006122589111328125,-0.00864410400390625,1.001953125,0.9990234375,-0.00423431396484375,0.0030918121337890625,-0.0465087890625,0.0179443359375
26.808526039123535,115.5625,-0.006168365478515625,-0.0088043212890625,1.0009765625,0.9990234375,-0.0042266845703125,0.0030918121337890625,-0.0465087890625,0.0179595947265625
26.828925609588623,115.5625,-0.006317138671875,-0.00884246826171875,1.0009765625,0.9990234375,-0.004138946533203125,0.0026302337646484375,-0.046905517578125,0.01702880859375
26.848949193954468,115.5625,-0.00714874267578125,-0.006870269775390625,1.0,0.9990234375,-0.00417327880859375,0.0025653839111328125,-0.04718017578125,0.0171051025390625
26.86849594116211,115.625,-0.00675201416015625,-0.009979248046875,1.0009765625,0.9990234375,-0.0041961669921875,0.0025615692138671875,-0.04742431640625,0.017120361328125
26.888906002044678,115.5625,-0.0067291259765625,-0.00701141357421875,1.0009765625,0.9990234375,-0.00420379638671875,0.002574920654296875,-0.047637939453125,0.017120361328125
26.908970594406128,115.6875,-0.00667572021484375,-0.0079345703125,1.001953125,0.9990234375,-0.00420379638671875,0.0025634765625,-0.0478515625,0.01715087890625
26.92949342727661,115.625,-0.00732421875,-0.0076141357421875,1.0029296875,0.9990234375,-0.004192352294921875,0.0026531219482421875,-0.0477294921875,0.0172271728515625
26.9485821723938,115.5625,-0.006793975830078125,-0.0083770751953125,1.001953125,0.9990234375,-0.00417327880859375,0.0027446746826171875,-0.047698974609375,0.017303466796875
26.96972346305847,115.5625,-0.003936767578125,-0.007190704345703125,1.0009765625,0.9990234375,-0.004161834716796875,0.0027980804443359375,-0.04754638671875,0.0173797607421875
26.98873543739319,115.625,-0.002796173095703125,-0.006526947021484375,0.9990234375,0.9990234375,-0.0041351318359375,0.002849578857421875,-0.047454833984375,0.0174713134765625
27.008697748184204,115.5625,-0.004810333251953125,-0.00958251953125,1.0029296875,0.9990234375,-0.0041351318359375,0.002857208251953125,-0.047393798828125,0.0175628662109375
27.02627468109131,115.5625,-0.007411956787109375,-0.008880615234375,1.0029296875,0.9990234375,-0.004070281982421875,0.00252532958984375,-0.04766845703125,0.017333984375
27.04891037940979,115.625,-0.00591278076171875,-0.0065460205078125,1.0009765625,0.9990234375,-0.004070281982421875,0.002498626708984375,-0.04766845703125,0.01739501953125
27.068713426589966,115.625,-0.00830078125,-0.00899505615234375,1.0009765625,0.9990234375,-0.00411224365234375,0.00283050537109375,-0.04754638671875,0.017364501953125
27.08893060684204,115.6875,-0.006198883056640625,-0.00968170166015625,1.00390625,0.9990234375,-0.0040740966796875,0.0030345916748046875,-0.0472412109375,0.0174560546875
27.106074571609497,115.6875,-0.0069732666015625,-0.00870513916015625,1.0029296875,0.9990234375,-0.004047393798828125,0.002674102783203125,-0.04754638671875,0.0172576904296875
27.12954354286194,115.6875,-0.005802154541015625,-0.00853729248046875,1.001953125,0.9990234375,-0.004055023193359375,0.002750396728515625,-0.047698974609375,0.0172119140625
27.14654517173767,115.6875,-0.00634002685546875,-0.00988006591796875,1.0,0.9990234375,-0.00406646728515625,0.0027408599853515625,-0.04766845703125,0.017242431640625
27.168291807174683,115.6875,-0.00450897216796875,-0.0082855224609375,1.0029296875,0.9990234375,-0.0040740966796875,0.002971649169921875,-0.04742431640625,0.0172882080078125
27.186429738998413,115.625,-0.00461578369140625,-0.0087432861328125,1.001953125,0.9990234375,-0.00408172607421875,0.002956390380859375,-0.04742431640625,0.0173187255859375
27.206393718719482,115.625,-0.004726409912109375,-0.00830078125,1.0,0.9990234375,-0.0040740966796875,0.0029754638671875,-0.04742431640625,0.0173797607421875
27.226577043533325,115.6875,-0.005191802978515625,-0.0087738037109375,1.0009765625,0.9990234375,-0.0041046142578125,0.0029964447021484375,-0.047454833984375,0.0174407958984375
27.246094942092896,115.625,-0.005947113037109375,-0.00917816162109375,0.99951171875,0.9990234375,-0.004100799560546875,0.003002166748046875,-0.047454833984375,0.0175018310546875
27.26648473739624,115.625,-0.0046234130859375,-0.009552001953125,1.0009765625,0.9990234375,-0.0039825439453125,0.0022945404052734375,-0.0479736328125,0.0174560546875
27.286568641662598,115.6875,-0.007122039794921875,-0.007045745849609375,1.0009765625,0.9990234375,-0.003948211669921875,0.002201080322265625,-0.048431396484375,0.017425537109375
27.30649733543396,115.6875,-0.006229400634765625,-0.00794219970703125,1.0009765625,0.9990234375,-0.003955841064453125,0.002216339111328125,-0.048858642578125,0.017425537109375
27.326104164123535,115.6875,-0.0062713623046875,-0.00841522216796875,1.001953125,0.9990234375,-0.0039520263671875,0.0022029876708984375,-0.048858642578125,0.017486572265625
27.34634494781494,115.75,-0.006031036376953125,-0.007480621337890625,1.0009765625,0.99853515625,-0.00396728515625,0.002323150634765625,-0.0491943359375,0.0174713134765625
27.366276025772095,115.75,-0.00766754150390625,-0.00632476806640625,1.001953125,0.99853515625,-0.00395965576171875,0.00238800048828125,-0.049560546875,0.0174407958984375
27.386316537857056,115.6875,-0.005146026611328125,-0.008056640625,1.001953125,0.99853515625,-0.0039825439453125,0.0024700164794921875,-0.049957275390625,0.017425537109375
27.406520128250122,115.625,-0.006366729736328125,-0.006504058837890625,1.001953125,0.99853515625,-0.003986358642578125,0.002471923828125,-0.049957275390625,0.0174713134765625
27.426082134246826,115.625,-0.006229400634765625,-0.00907135009765625,1.0009765625,0.99853515625,-0.003978729248046875,0.0024929046630859375,-0.049957275390625,0.0175323486328125
27.446261405944824,115.625,-0.006137847900390625,-0.008148193359375,1.00390625,0.99853515625,-0.00395965576171875,0.00275421142578125,-0.05029296875,0.0173797607421875
27.466461181640625,115.5,-0.006862640380859375,-0.01056671142578125,1.0029296875,0.99853515625,-0.00396728515625,0.002773284912109375,-0.05029296875,0.017425537109375
27.488102912902832,115.5625,-0.006015777587890625,-0.009613037109375,1.00390625,0.99853515625,-0.003963470458984375,0.0027713775634765625,-0.05029296875,0.0174713134765625
27.508150577545166,115.625,-0.005950927734375,-0.00913238525390625,1.0009765625,0.99853515625,-0.00408172607421875,0.0037288665771484375,-0.04974365234375,0.0165252685546875
27.528341054916382,115.6875,-0.006336212158203125,-0.006443023681640625,1.001953125,0.99853515625,-0.004070281982421875,0.004009246826171875,-0.049224853515625,0.01654052734375
27.54829216003418,115.6875,-0.0049591064453125,-0.00809478759765625,1.0009765625,0.9990234375,-0.004039764404296875,0.00409698486328125,-0.048736572265625,0.0165557861328125
27.568113565444946,115.6875,-0.005619049072265625,-0.008148193359375,1.001953125,0.9990234375,-0.004001617431640625,0.00409698486328125,-0.048309326171875,0.0165863037109375
27.589418411254883,115.75,-0.008209228515625,-0.007534027099609375,1.0029296875,0.9990234375,-0.003971099853515625,0.0040740966796875,-0.047882080078125,0.0166015625
27.607282876968384,115.6875,-0.00562286376953125,-0.00775146484375,1.001953125,0.9990234375,-0.00395965576171875,0.0040130615234375,-0.04754638671875,0.0166473388671875
27.627381801605225,115.625,-0.0071868896484375,-0.008453369140625,1.0029296875,0.9990234375,-0.0039520263671875,0.003955841064453125,-0.04718017578125,0.016693115234375
27.647279977798462,115.75,-0.0050506591796875,-0.00904083251953125,1.001953125,0.9990234375,-0.003940582275390625,0.003871917724609375,-0.046875,0.016754150390625
27.667418003082275,115.6875,-0.006130218505859375,-0.00754547119140625,1.0009765625,0.9990234375,-0.003955841064453125,0.0037631988525390625,-0.04656982421875,0.016815185546875
27.686187744140625,115.75,-0.004673004150390625,-0.010986328125,1.0,0.9990234375,-0.003978729248046875,0.0030517578125,-0.0467529296875,0.016876220703125
27.70624876022339,115.75,-0.00745391845703125,-0.0107421875,1.0009765625,0.9990234375,-0.0040130615234375,0.00279998779296875,-0.04730224609375,0.01708984375
27.7273952960968,115.75,-0.006191253662109375,-0.00865936279296875,1.0009765625,0.9990234375,-0.00402069091796875,0.0027866363525390625,-0.04730224609375,0.0172119140625
27.746659755706787,115.75,-0.006366729736328125,-0.006282806396484375,1.0029296875,0.9990234375,-0.0040283203125,0.0026683807373046875,-0.04766845703125,0.0174102783203125
27.767292022705078,115.6875,-0.006275177001953125,-0.0081024169921875,1.0,0.9990234375,-0.00403594970703125,0.0026073455810546875,-0.048065185546875,0.017547607421875
27.785983085632324,115.625,-0.006061553955078125,-0.00896453857421875,1.0,0.9990234375,-0.0040283203125,0.0026073455810546875,-0.04840087890625,0.01763916015625
27.81053113937378,115.625,-0.00870513916015625,-0.0099334716796875,1.0009765625,0.9990234375,-0.004039764404296875,0.002658843994140625,-0.048797607421875,0.017730712890625
27.82975482940674,115.625,-0.007171630859375,-0.00876617431640625,1.001953125,0.9990234375,-0.00415802001953125,0.0027446746826171875,-0.04876708984375,0.01715087890625
27.849268913269043,115.625,-0.0024261474609375,-0.0085601806640625,1.0009765625,0.9990234375,-0.0041351318359375,0.0027103424072265625,-0.04876708984375,0.0170745849609375
27.867070198059082,115.6875,-0.006866455078125,-0.00739288330078125,1.001953125,0.9990234375,-0.004146575927734375,0.0026416778564453125,-0.04876708984375,0.01708984375
27.890571355819702,115.6875,-0.007266998291015625,-0.00998687744140625,1.001953125,0.9990234375,-0.004146575927734375,0.0026397705078125,-0.04876708984375,0.01715087890625
27.90694499015808,115.625,-0.006458282470703125,-0.0114288330078125,1.0,0.9990234375,-0.004161834716796875,0.00295257568359375,-0.048492431640625,0.0171356201171875
27.928529500961304,115.625,-0.007213592529296875,-0.00970458984375,1.001953125,0.9990234375,-0.00409698486328125,0.00254058837890625,-0.048858642578125,0.0171051025390625
27.946433305740356,115.625,-0.006473541259765625,-0.008026123046875,1.0,0.9990234375,-0.004119873046875,0.0027942657470703125,-0.048553466796875,0.017059326171875
27.965896368026733,115.6875,-0.0053863525390625,-0.00954437255859375,0.998046875,0.9990234375,-0.004123687744140625,0.002780914306640625,-0.048553466796875,0.017120361328125
27.98882484436035,115.6875,-0.004192352294921875,-0.007198333740234375,1.0,0.9990234375,-0.004138946533203125,0.00278472900390625,-0.048553466796875,0.01715087890625
28.00831699371338,115.75,-0.004871368408203125,-0.00798797607421875,1.001953125,0.9990234375,-0.004150390625,0.0031986236572265625,-0.048248291015625,0.0171051025390625
28.028526782989502,115.75,-0.005107879638671875,-0.0081939697265625,1.001953125,0.9990234375,-0.0041351318359375,0.0033168792724609375,-0.04803466796875,0.017120361328125
28.046333074569702,115.75,-0.004329681396484375,-0.0080108642578125,0.99951171875,0.9990234375,-0.004119873046875,0.0033702850341796875,-0.0478515625,0.017181396484375
28.0680251121521,115.75,-0.00533294677734375,-0.00872802734375,1.001953125,0.9990234375,-0.004123687744140625,0.003360748291015625,-0.0478515625,0.0172119140625
28.087441444396973,115.75,-0.0064544677734375,-0.007198333740234375,1.0009765625,0.9990234375,-0.004119873046875,0.003368377685546875,-0.04766845703125,0.017242431640625
28.108504056930542,115.6875,-0.006732940673828125,-0.0088348388671875,1.0009765625,0.9990234375,-0.004116058349609375,0.003360748291015625,-0.047576904296875,0.0172882080078125
28.128002882003784,115.625,-0.0043182373046875,-0.00830078125,1.0,0.9990234375,-0.004116058349609375,0.0033435821533203125,-0.047454833984375,0.017333984375
28.148277044296265,115.6875,-0.005458831787109375,-0.00656890869140625,1.0009765625,0.9990234375,-0.00415802001953125,0.0032939910888671875,-0.047332763671875,0.0173492431640625
28.166353225708008,115.625,-0.00724029541015625,-0.01050567626953125,1.0009765625,0.9990234375,-0.004146575927734375,0.0032825469970703125,-0.047271728515625,0.0173797607421875
28.188288927078247,115.6875,-0.00576019287109375,-0.00820159912109375,1.0009765625,0.9990234375,-0.004150390625,0.00267791748046875,-0.04754638671875,0.017364501953125
28.206246376037598,115.75,-0.006549835205078125,-0.00667572021484375,1.001953125,0.9990234375,-0.0041656494140625,0.002899169921875,-0.047393798828125,0.0173492431640625
28.225752115249634,115.6875,-0.005474090576171875,-0.00872039794921875,1.0009765625,0.9990234375,-0.004169464111328125,0.00292205810546875,-0.047393798828125,0.0174102783203125
28.246629238128662,115.75,-0.006984710693359375,-0.01025390625,1.0009765625,0.9990234375,-0.004180908203125,0.002918243408203125,-0.04742431640625,0.0174713134765625
28.266130208969116,115.75,-0.006805419921875,-0.007965087890625,1.001953125,0.9990234375,-0.0041656494140625,0.00235748291015625,-0.0477294921875,0.017547607421875
28.28648543357849,115.75,-0.00556182861328125,-0.0079498291015625,1.00390625,0.9990234375,-0.0041656494140625,0.00225067138671875,-0.048004150390625,0.0176544189453125
28.307284593582153,115.6875,-0.00555419921875,-0.00897216796875,1.0,0.9990234375,-0.0041656494140625,0.0022258758544921875,-0.048248291015625,0.0177459716796875
28.326367378234863,115.6875,-0.006755828857421875,-0.006374359130859375,1.001953125,0.9990234375,-0.00414276123046875,0.0023365020751953125,-0.048736572265625,0.01776123046875
28.34644389152527,115.625,-0.0065765380859375,-0.00814056396484375,0.998046875,0.9990234375,-0.004131317138671875,0.0024127960205078125,-0.048980712890625,0.017791748046875
28.36571955680847,115.6875,-0.005615234375,-0.007686614990234375,1.001953125,0.99853515625,-0.004131317138671875,0.0024967193603515625,-0.0491943359375,0.0178070068359375
28.387866735458374,115.75,-0.007080078125,-0.009002685546875,1.001953125,0.99853515625,-0.0041351318359375,0.0025806427001953125,-0.04937744140625,0.017822265625
28.40658473968506,115.6875,-0.004100799560546875,-0.0087127685546875,0.99951171875,0.99853515625,-0.004146575927734375,0.0026493072509765625,-0.0494384765625,0.017852783203125
28.426481246948242,115.625,-0.0073699951171875,-0.00824737548828125,1.0,0.99853515625,-0.004154205322265625,0.002704620361328125,-0.049560546875,0.0178375244140625
28.446104764938354,115.6875,-0.006378173828125,-0.00788116455078125,1.001953125,0.99853515625,-0.004146575927734375,0.002811431884765625,-0.049713134765625,0.017791748046875
28.465989351272583,115.625,-0.0031909942626953125,-0.00862884521484375,1.0,0.99853515625,-0.00415802001953125,0.0028171539306640625,-0.0496826171875,0.017852783203125
28.485719442367554,115.6875,-0.00380706787109375,-0.009033203125,1.0009765625,0.99853515625,-0.00415802001953125,0.00283050537109375,-0.049713134765625,0.017913818359375
28.506067276000977,115.6875,-0.00702667236328125,-0.0079498291015625,1.001953125,0.99853515625,-0.004150390625,0.0028209686279296875,-0.049713134765625,0.017974853515625
28.529147386550903,115.6875,-0.006473541259765625,-0.0096588134765625,1.0029296875,0.99853515625,-0.0041656494140625,0.0028209686279296875,-0.049713134765625,0.0180511474609375
28.54899287223816,115.625,-0.00594329833984375,-0.0079803466796875,1.0009765625,0.99853515625,-0.0042572021484375,0.004093170166015625,-0.04962158203125,0.01727294921875
28.568960666656494,115.5625,-0.006931304931640625,-0.0096435546875,1.001953125,0.99853515625,-0.004177093505859375,0.00405120849609375,-0.049560546875,0.0171661376953125
28.58944582939148,115.625,-0.006855010986328125,-0.00806427001953125,1.0009765625,0.99853515625,-0.004169464111328125,0.00384521484375,-0.049652099609375,0.0171356201171875
28.6077241897583,115.625,-0.0056610107421875,-0.005283355712890625,0.9990234375,0.99853515625,-0.004161834716796875,0.0037384033203125,-0.0496826171875,0.01715087890625
28.627988576889038,115.625,-0.0049285888671875,-0.00824737548828125,1.001953125,0.99853515625,-0.00414276123046875,0.0036563873291015625,-0.0496826171875,0.0171661376953125
28.645976305007935,115.625,-0.00812530517578125,-0.0096588134765625,1.0029296875,0.99853515625,-0.004138946533203125,0.00376129150390625,-0.049652099609375,0.0172119140625
28.665594816207886,115.625,-0.005352020263671875,-0.0090789794921875,1.0029296875,0.99853515625,-0.00414276123046875,0.003780364990234375,-0.049652099609375,0.0172271728515625
28.68696355819702,115.625,-0.00594329833984375,-0.005954742431640625,1.001953125,0.99853515625,-0.0041351318359375,0.0037746429443359375,-0.0496826171875,0.0172576904296875
28.705533504486084,115.6875,-0.003688812255859375,-0.00841522216796875,0.998046875,0.99853515625,-0.00414276123046875,0.0037384033203125,-0.0496826171875,0.0172882080078125
28.727251768112183,115.6875,-0.00811767578125,-0.0087890625,1.00390625,0.99853515625,-0.00414276123046875,0.00372314453125,-0.0496826171875,0.0173187255859375
28.74743151664734,115.75,-0.006008148193359375,-0.00787353515625,1.0029296875,0.99853515625,-0.004108428955078125,0.003757476806640625,-0.049591064453125,0.0174713134765625
28.76718258857727,115.6875,-0.004421234130859375,-0.006195068359375,1.001953125,0.99853515625,-0.00411224365234375,0.00374603271484375,-0.049591064453125,0.0175628662109375
28.78598666191101,115.6875,-0.00704193115234375,-0.00907135009765625,1.0,0.99853515625,-0.0041046142578125,0.0037250518798828125,-0.049530029296875,0.0176544189453125
28.805973768234253,115.625,-0.00725555419921875,-0.00974273681640625,1.00390625,0.99853515625,-0.004123687744140625,0.003692626953125,-0.049530029296875,0.017730712890625
28.826096296310425,115.6875,-0.004680633544921875,-0.0099945068359375,1.0029296875,0.99853515625,-0.004138946533203125,0.003620147705078125,-0.04949951171875,0.017822265625
28.84677028656006,115.6875,-0.005489349365234375,-0.009765625,1.0029296875,0.99853515625,-0.004154205322265625,0.0035533905029296875,-0.04937744140625,0.0179443359375
28.866731882095337,115.625,-0.004665374755859375,-0.01003265380859375,1.0009765625,0.99853515625,-0.00409698486328125,0.0030689239501953125,-0.049530029296875,0.017333984375
28.88675856590271,115.6875,-0.00788116455078125,-0.008880615234375,1.001953125,0.99853515625,-0.00411224365234375,0.0029239654541015625,-0.049652099609375,0.0173492431640625
28.906591415405273,115.6875,-0.0053253173828125,-0.0065460205078125,1.0,0.99853515625,-0.00412750244140625,0.0028133392333984375,-0.04974365234375,0.017303466796875
28.926913738250732,115.6875,-0.007503509521484375,-0.00795745849609375,1.001953125,0.99853515625,-0.004131317138671875,0.0026874542236328125,-0.04986572265625,0.0173187255859375
28.94551920890808,115.6875,-0.00504302978515625,-0.00856781005859375,1.001953125,0.99853515625,-0.00412750244140625,0.002628326416015625,-0.0499267578125,0.017303466796875
28.966489791870117,115.75,-0.007801055908203125,-0.0088958740234375,1.001953125,0.99853515625,-0.00412750244140625,0.0026531219482421875,-0.0499267578125,0.017364501953125
28.985875129699707,115.6875,-0.005474090576171875,-0.0083770751953125,1.0009765625,0.99853515625,-0.00408172607421875,0.00222015380859375,-0.0501708984375,0.0174407958984375
29.005719661712646,115.6875,-0.003997802734375,-0.00921630859375,1.0,0.99853515625,-0.004047393798828125,0.00215911865234375,-0.0504150390625,0.0174713134765625
29.02651834487915,115.625,-0.00774383544921875,-0.00823974609375,1.0,0.99853515625,-0.004047393798828125,0.0021724700927734375,-0.0504150390625,0.0175628662109375
29.045952558517456,115.6875,-0.006134033203125,-0.01003265380859375,1.0,0.99853515625,-0.004039764404296875,0.0021877288818359375,-0.050445556640625,0.0176544189453125
29.065446853637695,115.6875,-0.0083770751953125,-0.0081329345703125,1.0029296875,0.99853515625,-0.004039764404296875,0.0021533966064453125,-0.050445556640625,0.0177459716796875
29.086009979248047,115.75,-0.0059814453125,-0.00852203369140625,1.0009765625,0.99853515625,-0.004055023193359375,0.0024929046630859375,-0.05078125,0.017608642578125
29.105427265167236,115.6875,-0.00572967529296875,-0.00897216796875,0.9990234375,0.99853515625,-0.004047393798828125,0.0024890899658203125,-0.05078125,0.017669677734375
29.126296758651733,115.6875,-0.00498199462890625,-0.008056640625,1.00390625,0.99853515625,-0.00405120849609375,0.002498626708984375,-0.05078125,0.0177459716796875
29.14571189880371,115.625,-0.0038547515869140625,-0.00766754150390625,1.00390625,0.99853515625,-0.004058837890625,0.0025196075439453125,-0.05078125,0.017822265625
29.166786193847656,115.75,-0.004856109619140625,-0.006328582763671875,1.001953125,0.99853515625,-0.004047393798828125,0.002532958984375,-0.05078125,0.017913818359375
29.18654227256775,115.6875,-0.005443572998046875,-0.007678985595703125,1.001953125,0.99853515625,-0.004177093505859375,0.0037364959716796875,-0.050445556640625,0.017059326171875
29.205774545669556,115.75,-0.007293701171875,-0.00876617431640625,1.0,0.99853515625,-0.004146575927734375,0.003978729248046875,-0.050140380859375,0.017059326171875
29.226433277130127,115.6875,-0.00388336181640625,-0.0084686279296875,1.0029296875,0.99853515625,-0.0041351318359375,0.0040283203125,-0.049896240234375,0.01708984375
29.246089458465576,115.6875,-0.008544921875,-0.007015228271484375,1.00390625,0.99853515625,-0.004123687744140625,0.00400543212890625,-0.0496826171875,0.0171356201171875
29.266281843185425,115.75,-0.00628662109375,-0.005947113037109375,1.0009765625,0.99853515625,-0.00409698486328125,0.003513336181640625,-0.049713134765625,0.0171051025390625
29.28595519065857,115.75,-0.0054168701171875,-0.007503509521484375,1.001953125,0.99853515625,-0.00409698486328125,0.003589630126953125,-0.049530029296875,0.0171661376953125
29.306044816970825,115.75,-0.007171630859375,-0.006977081298828125,0.9990234375,0.99853515625,-0.004085540771484375,0.003177642822265625,-0.049835205078125,0.0172271728515625
29.325916528701782,115.75,-0.007568359375,-0.007404327392578125,0.9990234375,0.99853515625,-0.00408172607421875,0.0029850006103515625,-0.04998779296875,0.0173187255859375
29.345588207244873,115.6875,-0.00531005859375,-0.007488250732421875,1.0029296875,0.99853515625,-0.0040740966796875,0.0028743743896484375,-0.050201416015625,0.017425537109375
29.366499185562134,115.625,-0.0055999755859375,-0.0066680908203125,1.001953125,0.99853515625,-0.00406646728515625,0.0028591156005859375,-0.05023193359375,0.01751708984375
29.385679960250854,115.6875,-0.004619598388671875,-0.0085601806640625,1.0009765625,0.99853515625,-0.004047393798828125,0.0027484893798828125,-0.050384521484375,0.0175933837890625
29.408557653427124,115.625,-0.00751495361328125,-0.00616455078125,1.0009765625,0.99853515625,-0.004058837890625,0.0027027130126953125,-0.050384521484375,0.0177001953125
29.427679300308228,115.625,-0.00652313232421875,-0.00955963134765625,1.0009765625,0.99853515625,-0.004058837890625,0.002689361572265625,-0.050628662109375,0.01776123046875
29.445756435394287,115.625,-0.0086212158203125,-0.0096435546875,1.001953125,0.99853515625,-0.0040435791015625,0.002689361572265625,-0.05078125,0.0178070068359375
29.46588158607483,115.5625,-0.007099151611328125,-0.0066375732421875,1.0048828125,0.99853515625,-0.004047393798828125,0.0026912689208984375,-0.05078125,0.017913818359375
29.485589504241943,115.5625,-0.00299835205078125,-0.006378173828125,0.99951171875,0.99853515625,-0.00405120849609375,0.0026798248291015625,-0.05078125,0.018035888671875
29.506346464157104,115.625,-0.006610870361328125,-0.0110015869140625,1.001953125,0.99853515625,-0.004058837890625,0.002658843994140625,-0.05078125,0.018157958984375
29.525569438934326,115.625,-0.0052642822265625,-0.00850677490234375,1.0009765625,0.99853515625,-0.0040740966796875,0.0026493072509765625,-0.05078125,0.018280029296875
29.54574704170227,115.625,-0.0066680908203125,-0.0076141357421875,1.0009765625,0.99853515625,-0.004093170166015625,0.002655029296875,-0.05078125,0.0184173583984375
29.5660297870636,115.625,-0.005550384521484375,-0.00882720947265625,1.001953125,0.99853515625,-0.004116058349609375,0.00264739990234375,-0.050750732421875,0.0185394287109375
29.58566927909851,115.625,-0.00617218017578125,-0.005767822265625,1.0009765625,0.99853515625,-0.00421142578125,0.003726959228515625,-0.050506591796875,0.0178375244140625
29.605695724487305,115.625,-0.00582122802734375,-0.0107269287109375,1.001953125,0.99853515625,-0.004207611083984375,0.0038433074951171875,-0.05035400390625,0.0179290771484375
29.62543749809265,115.625,-0.007350921630859375,-0.00989532470703125,1.0,0.99853515625,-0.004207611083984375,0.0038604736328125,-0.05023193359375,0.018035888671875
29.646334648132324,115.625,-0.007659912109375,-0.007587432861328125,1.0009765625,0.99853515625,-0.0041961669921875,0.003814697265625,-0.050079345703125,0.01812744140625
29.665649890899658,115.625,-0.006053924560546875,-0.00965118408203125,1.0,0.99853515625,-0.004192352294921875,0.0037670135498046875,-0.049957275390625,0.018218994140625
29.68609309196472,115.625,-0.0052642822265625,-0.007488250732421875,1.00390625,0.99853515625,-0.004177093505859375,0.0037059783935546875,-0.04986572265625,0.0183258056640625
29.706552028656006,115.6875,-0.005290985107421875,-0.0087432861328125,1.0009765625,0.99853515625,-0.0041656494140625,0.0036163330078125,-0.049774169921875,0.0184478759765625
29.72651505470276,115.5625,-0.006137847900390625,-0.00836181640625,1.0009765625,0.99853515625,-0.004154205322265625,0.003482818603515625,-0.049713134765625,0.018585205078125
29.74654769897461,115.5625,-0.006107330322265625,-0.00934600830078125,0.99951171875,0.99853515625,-0.00415802001953125,0.00341033935546875,-0.0496826171875,0.018707275390625
29.76585054397583,115.5625,-0.006378173828125,-0.007801055908203125,1.0009765625,0.99853515625,-0.0041656494140625,0.003326416015625,-0.049652099609375,0.01885986328125
29.785414218902588,115.5,-0.006488800048828125,-0.00612640380859375,1.001953125,0.99853515625,-0.004047393798828125,0.00274658203125,-0.04974365234375,0.0175933837890625
29.805448532104492,115.625,-0.006061553955078125,-0.00539398193359375,1.001953125,0.99853515625,-0.00406646728515625,0.002712249755859375,-0.049896240234375,0.0174407958984375
29.825286626815796,115.5625,-0.0054168701171875,-0.00730133056640625,1.001953125,0.99853515625,-0.00409698486328125,0.002826690673828125,-0.049896240234375,0.017425537109375
29.845595121383667,115.625,-0.00786590576171875,-0.007335662841796875,1.0009765625,0.99853515625,-0.004085540771484375,0.0028781890869140625,-0.04986572265625,0.0174713134765625
29.86548113822937,115.625,-0.00351715087890625,-0.00865936279296875,1.0009765625,0.99853515625,-0.00409698486328125,0.002864837646484375,-0.04986572265625,0.01751708984375
29.885600328445435,115.625,-0.0054779052734375,-0.00677490234375,1.0009765625,0.99853515625,-0.00408935546875,0.00283050537109375,-0.04986572265625,0.017578125
29.90656328201294,115.625,-0.005619049072265625,-0.006732940673828125,1.001953125,0.99853515625,-0.00409698486328125,0.0028171539306640625,-0.04986572265625,0.01763916015625
29.92517399787903,115.5625,-0.007419586181640625,-0.0120086669921875,1.001953125,0.99853515625,-0.00409698486328125,0.0028057098388671875,-0.0498046875,0.0177154541015625
29.945268630981445,115.6875,-0.00494384765625,-0.00913238525390625,1.0029296875,0.99853515625,-0.00411224365234375,0.002811431884765625,-0.0498046875,0.0177764892578125
29.965399742126465,115.625,-0.0064239501953125,-0.0068511962890625,1.0009765625,0.99853515625,-0.004119873046875,0.002796173095703125,-0.0498046875,0.017852783203125
29.98599600791931,115.625,-0.004673004150390625,-0.009521484375,1.0,0.99853515625,-0.0041351318359375,0.002788543701171875,-0.0498046875,0.0179443359375
30.005383729934692,115.625,-0.005218505859375,-0.009613037109375,1.0009765625,0.99853515625,-0.004146575927734375,0.0027828216552734375,-0.049774169921875,0.0180511474609375
